county,state,storm_tier,peak_severity,start_time,end_time,duration_hrs,max_wind_mph,max_precip_pct,primary_trigger,hours_ahead,predicted_customers,ci_low,ci_high,confidence_level,severity_multiplier,duration_multiplier,wind_multiplier,is_major_outage_likely,is_critical_outage_likely,predicted_at,prediction_id,baseline_used,is_outlier_prediction,typical_county_outage,county_all_time_peak,model_version
Providence,Rhode Island,MODERATE,3,2026-05-14 12:00:00+00:00,2026-05-15 08:00:00+00:00,20.0,9.0,97,Precip 73%,37.2,3172,2062,4282,MEDIUM,,1.42,1.0,True,False,2026-05-12T22:50:39.624942,Providence_Rhode_Island_2026051412,2234.0,False,2234.0,84135.0,
Erie,New York,MODERATE,3,2026-05-18 18:00:00+00:00,2026-05-19 05:00:00+00:00,11.0,9.0,24,Keyword: thunderstorm,139.2,2359,1533,3184,MEDIUM,,1.15,1.0,True,False,2026-05-12T22:50:39.627478,Erie_New_York_2026051818,2051.0,False,2051.0,147874.0,
Middlesex,Massachusetts,MINOR,3,2026-05-14 12:00:00+00:00,2026-05-15 17:00:00+00:00,29.0,8.0,99,Precip 65%,37.2,2119,1483,2755,HIGH,,1.69,1.0,True,False,2026-05-12T22:50:39.624942,Middlesex_Massachusetts_2026051412,1254.0,False,2090.0,148898.0,
Nassau,New York,MODERATE,3,2026-05-15 15:00:00+00:00,2026-05-15 23:00:00+00:00,8.0,12.0,32,Keyword: thunderstorm,64.2,2091,1359,2823,MEDIUM,,1.06,1.0,True,False,2026-05-12T22:50:39.627478,Nassau_New_York_2026051515,1973.0,False,1973.0,457901.0,
Worcester,Massachusetts,MINOR,3,2026-05-14 11:00:00+00:00,2026-05-15 16:00:00+00:00,29.0,10.0,99,Precip 68%,36.2,2077,1454,2700,HIGH,,1.69,1.0,True,False,2026-05-12T22:50:39.624942,Worcester_Massachusetts_2026051411,1229.0,False,2048.0,70225.0,
Fairfield,Connecticut,MODERATE,3,2026-05-15 15:00:00+00:00,2026-05-15 23:00:00+00:00,8.0,10.0,43,Keyword: thunderstorm,64.2,2029,1319,2739,MEDIUM,,1.06,1.0,True,False,2026-05-12T22:50:39.627478,Fairfield_Connecticut_2026051515,1914.0,False,1914.0,190956.0,
Suffolk,New York,MODERATE,3,2026-05-15 15:00:00+00:00,2026-05-15 23:00:00+00:00,8.0,9.0,48,Keyword: thunderstorm,64.2,2014,1309,2719,MEDIUM,,1.06,1.0,True,False,2026-05-12T22:50:39.627478,Suffolk_New_York_2026051515,1900.0,False,1900.0,599357.0,
New Haven,Connecticut,MODERATE,3,2026-05-15 15:00:00+00:00,2026-05-15 23:00:00+00:00,8.0,9.0,46,Keyword: thunderstorm,64.2,2006,1304,2707,MEDIUM,,1.06,1.0,True,False,2026-05-12T22:50:39.627478,New_Haven_Connecticut_2026051515,1892.0,False,1892.0,140925.0,
Bergen,New Jersey,MODERATE,3,2026-05-15 15:00:00+00:00,2026-05-15 23:00:00+00:00,8.0,12.0,27,Keyword: thunderstorm,64.2,1910,1242,2579,MEDIUM,,1.06,1.0,True,False,2026-05-12T22:50:39.627478,Bergen_New_Jersey_2026051515,1802.0,False,1802.0,140979.0,
Nassau,New York,MINOR,3,2026-05-14 03:00:00+00:00,2026-05-15 02:00:00+00:00,23.0,12.0,92,Precip 60%,28.2,1788,1251,2324,HIGH,,1.51,1.0,True,False,2026-05-12T22:50:39.620442,Nassau_New_York_2026051403,1184.0,False,1973.0,457901.0,
Fairfield,Connecticut,MINOR,3,2026-05-14 03:00:00+00:00,2026-05-15 02:00:00+00:00,23.0,7.0,93,Precip 61%,28.2,1734,1214,2254,HIGH,,1.51,1.0,True,False,2026-05-12T22:50:39.620442,Fairfield_Connecticut_2026051403,1148.0,False,1914.0,190956.0,
New Haven,Connecticut,MINOR,3,2026-05-14 06:00:00+00:00,2026-05-15 05:00:00+00:00,23.0,7.0,94,Precip 71%,31.2,1714,1200,2228,HIGH,,1.51,1.0,True,False,2026-05-12T22:50:39.623447,New_Haven_Connecticut_2026051406,1135.0,False,1892.0,140925.0,
Chittenden,Vermont,MODERATE,3,2026-05-16 18:00:00+00:00,2026-05-16 23:00:00+00:00,5.0,13.0,32,Keyword: thunderstorm,91.2,1704,1107,2300,MEDIUM,,0.97,1.0,True,False,2026-05-12T22:50:39.627478,Chittenden_Vermont_2026051618,1756.0,False,1756.0,21446.0,
Chittenden,Vermont,MODERATE,3,2026-05-18 18:00:00+00:00,2026-05-18 23:00:00+00:00,5.0,10.0,18,Keyword: thunderstorm,139.2,1704,1107,2300,MEDIUM,,0.97,1.0,True,False,2026-05-12T22:50:39.627478,Chittenden_Vermont_2026051818,1756.0,False,1756.0,21446.0,
Westchester,New York,MODERATE,3,2026-05-15 15:00:00+00:00,2026-05-15 23:00:00+00:00,8.0,12.0,35,Keyword: thunderstorm,64.2,1690,1099,2282,MEDIUM,,1.06,1.0,True,False,2026-05-12T22:50:39.627478,Westchester_New_York_2026051515,1594.0,False,1594.0,124918.0,
Essex,New Jersey,MODERATE,3,2026-05-15 15:00:00+00:00,2026-05-15 17:00:00+00:00,2.0,14.0,24,Keyword: thunderstorm,64.2,1679,1091,2266,MEDIUM,,0.88,1.0,True,False,2026-05-12T22:50:39.627478,Essex_New_Jersey_2026051515,1908.0,False,1908.0,85509.0,
Hartford,Connecticut,MINOR,3,2026-05-14 09:00:00+00:00,2026-05-15 05:00:00+00:00,20.0,8.0,96,Precip 72%,34.2,1665,1165,2164,HIGH,,1.42,1.0,True,False,2026-05-12T22:50:39.624437,Hartford_Connecticut_2026051409,1172.0,False,1954.0,179370.0,
Middlesex,New Jersey,MINOR,3,2026-05-14 04:00:00+00:00,2026-05-14 20:00:00+00:00,16.0,10.0,85,Keyword: thunderstorm,29.2,1487,1041,1934,HIGH,,1.3,1.0,True,False,2026-05-12T22:50:39.623447,Middlesex_New_Jersey_2026051404,1144.0,False,1907.0,100804.0,
Westchester,New York,MINOR,3,2026-05-14 03:00:00+00:00,2026-05-15 02:00:00+00:00,23.0,7.0,94,Precip 69%,28.2,1445,1011,1878,HIGH,,1.51,1.0,True,False,2026-05-12T22:50:39.623447,Westchester_New_York_2026051403,957.0,False,1594.0,124918.0,
Erie,New York,MINOR,3,2026-05-13 07:00:00+00:00,2026-05-13 17:00:00+00:00,10.0,14.0,96,Precip 82%,8.2,1378,965,1792,HIGH,,1.12,1.0,True,False,2026-05-12T22:50:39.620442,Erie_New_York_2026051307,1231.0,False,2051.0,147874.0,
York,Maine,MINOR,2,2026-05-14 13:00:00+00:00,2026-05-15 17:00:00+00:00,28.0,10.0,94,Precip 60%,38.2,2255,1578,2931,HIGH,,1.66,1.0,True,False,2026-05-12T22:50:39.627478,York_Maine_2026051413,1358.0,False,2264.0,90611.0,
Essex,Massachusetts,MINOR,2,2026-05-14 15:00:00+00:00,2026-05-15 17:00:00+00:00,26.0,12.0,95,Precip 61%,40.2,2166,1516,2816,HIGH,,1.6,1.0,True,False,2026-05-12T22:50:39.627478,Essex_Massachusetts_2026051415,1354.0,False,2256.0,112655.0,
Kennebec,Maine,MINOR,2,2026-05-14 16:00:00+00:00,2026-05-15 20:00:00+00:00,28.0,10.0,88,Precip 60%,41.2,2152,1507,2798,HIGH,,1.66,1.0,True,False,2026-05-12T22:50:39.627478,Kennebec_Maine_2026051416,1297.0,False,2161.0,67586.0,
Cumberland,Maine,MINOR,2,2026-05-14 15:00:00+00:00,2026-05-15 17:00:00+00:00,26.0,10.0,92,Precip 60%,40.2,2069,1448,2689,HIGH,,1.6,1.0,True,False,2026-05-12T22:50:39.627478,Cumberland_Maine_2026051415,1293.0,False,2155.0,109526.0,
Penobscot,Maine,MINOR,2,2026-05-14 22:00:00+00:00,2026-05-15 21:00:00+00:00,23.0,8.0,78,Precip 61%,47.2,1934,1354,2514,HIGH,,1.51,1.0,True,False,2026-05-12T22:50:39.627478,Penobscot_Maine_2026051422,1281.0,False,2134.0,65190.0,
Androscoggin,Maine,MINOR,2,2026-05-14 15:00:00+00:00,2026-05-15 17:00:00+00:00,26.0,10.0,90,Precip 70%,40.2,1784,1249,2319,HIGH,,1.6,1.0,True,False,2026-05-12T22:50:39.627478,Androscoggin_Maine_2026051415,1115.0,False,1858.0,40795.0,
Ocean,New Jersey,MINOR,2,2026-05-14 05:00:00+00:00,2026-05-14 17:00:00+00:00,12.0,10.0,81,Precip 67%,30.2,1777,1244,2310,HIGH,,1.18,1.0,True,False,2026-05-12T22:50:39.627478,Ocean_New_Jersey_2026051405,1506.0,False,2510.0,216332.0,
Suffolk,Massachusetts,MINOR,2,2026-05-14 14:00:00+00:00,2026-05-15 17:00:00+00:00,27.0,10.0,97,Precip 62%,39.2,1689,1183,2196,HIGH,,1.63,1.0,True,False,2026-05-12T22:50:39.627478,Suffolk_Massachusetts_2026051414,1036.0,False,1728.0,27817.0,
Chittenden,Vermont,MINOR,2,2026-05-14 09:00:00+00:00,2026-05-15 05:00:00+00:00,20.0,7.0,92,Precip 68%,34.2,1497,1048,1945,HIGH,,1.42,1.0,True,False,2026-05-12T22:50:39.627478,Chittenden_Vermont_2026051409,1054.0,False,1756.0,21446.0,
Monmouth,New Jersey,MINOR,2,2026-05-14 05:00:00+00:00,2026-05-14 17:00:00+00:00,12.0,10.0,84,Precip 71%,30.2,1452,1016,1887,HIGH,,1.18,1.0,True,False,2026-05-12T22:50:39.627478,Monmouth_New_Jersey_2026051405,1230.0,False,2050.0,202864.0,
Providence,Rhode Island,MINOR,2,2026-05-15 12:00:00+00:00,2026-05-15 16:00:00+00:00,4.0,10.0,70,Precip 70%,61.2,1260,882,1638,HIGH,,0.94,1.0,True,False,2026-05-12T22:50:39.627478,Providence_Rhode_Island_2026051512,1340.0,False,2234.0,84135.0,
Chittenden,Vermont,MINOR,2,2026-05-13 14:00:00+00:00,2026-05-13 23:00:00+00:00,9.0,10.0,94,Precip 66%,15.2,1149,804,1493,HIGH,,1.09,1.0,True,False,2026-05-12T22:50:39.627478,Chittenden_Vermont_2026051314,1054.0,False,1756.0,21446.0,
Nassau,New York,MINOR,2,2026-05-13 18:00:00+00:00,2026-05-13 20:00:00+00:00,2.0,25.0,4,Wind 25.0mph,19.2,1042,729,1354,HIGH,,0.88,1.0,True,False,2026-05-12T22:50:39.627478,Nassau_New_York_2026051318,1184.0,False,1973.0,457901.0,
Ocean,New Jersey,MODERATE,3,2026-05-14 03:00:00+00:00,2026-05-14 14:00:00+00:00,11.0,10.0,78,Keyword: thunderstorm,-0.5,2886,1876,3897,MEDIUM,,1.15,1.0,True,False,2026-05-14T03:30:30.875395,Ocean_New_Jersey_2026051403,2510.0,False,2510.0,216332.0,
Nassau,New York,MODERATE,3,2026-05-14 04:00:00+00:00,2026-05-14 23:00:00+00:00,19.0,12.0,87,Keyword: thunderstorm,0.5,2742,1783,3702,MEDIUM,,1.39,1.0,True,False,2026-05-14T03:30:30.875395,Nassau_New_York_2026051404,1973.0,False,1973.0,457901.0,
Fairfield,Connecticut,MODERATE,3,2026-05-14 04:00:00+00:00,2026-05-14 23:00:00+00:00,19.0,8.0,79,Keyword: thunderstorm,0.5,2660,1729,3592,MEDIUM,,1.39,1.0,True,False,2026-05-14T03:30:30.875395,Fairfield_Connecticut_2026051404,1914.0,False,1914.0,190956.0,
New Haven,Connecticut,MODERATE,3,2026-05-14 05:00:00+00:00,2026-05-14 23:00:00+00:00,18.0,7.0,79,Keyword: thunderstorm,1.5,2573,1673,3474,MEDIUM,,1.36,1.0,True,False,2026-05-14T03:30:30.875395,New_Haven_Connecticut_2026051405,1892.0,False,1892.0,140925.0,
Nassau,New York,MODERATE,3,2026-05-17 12:00:00+00:00,2026-05-17 23:00:00+00:00,11.0,9.0,15,Keyword: thunderstorm,80.5,2269,1475,3063,MEDIUM,,1.15,1.0,True,False,2026-05-14T03:30:30.883946,Nassau_New_York_2026051712,1973.0,False,1973.0,457901.0,
Westchester,New York,MODERATE,3,2026-05-14 04:00:00+00:00,2026-05-14 23:00:00+00:00,19.0,12.0,87,Keyword: thunderstorm,0.5,2216,1441,2992,MEDIUM,,1.39,1.0,True,False,2026-05-14T03:30:30.875395,Westchester_New_York_2026051404,1594.0,False,1594.0,124918.0,
Monmouth,New Jersey,MODERATE,3,2026-05-14 03:00:00+00:00,2026-05-14 11:00:00+00:00,8.0,10.0,78,Keyword: thunderstorm,-0.5,2174,1413,2934,MEDIUM,,1.06,1.0,True,False,2026-05-14T03:30:30.875395,Monmouth_New_Jersey_2026051403,2050.0,False,2050.0,202864.0,
Bergen,New Jersey,MODERATE,3,2026-05-17 12:00:00+00:00,2026-05-17 23:00:00+00:00,11.0,9.0,19,Keyword: thunderstorm,80.5,2072,1347,2798,MEDIUM,,1.15,1.0,True,False,2026-05-14T03:30:30.883946,Bergen_New_Jersey_2026051712,1802.0,False,1802.0,140979.0,
Suffolk,New York,MODERATE,3,2026-05-14 12:00:00+00:00,2026-05-14 20:00:00+00:00,8.0,7.0,79,Keyword: thunderstorm,8.5,2014,1309,2719,MEDIUM,,1.06,1.0,True,False,2026-05-14T03:30:30.875395,Suffolk_New_York_2026051412,1900.0,False,1900.0,599357.0,
Erie,New York,MODERATE,3,2026-05-17 00:00:00+00:00,2026-05-17 05:00:00+00:00,5.0,8.0,23,Keyword: thunderstorm,68.5,1989,1293,2686,MEDIUM,,0.97,1.0,True,False,2026-05-14T03:30:30.883946,Erie_New_York_2026051700,2051.0,False,2051.0,147874.0,
Essex,New Jersey,MODERATE,3,2026-05-14 03:00:00+00:00,2026-05-14 08:00:00+00:00,5.0,12.0,88,Keyword: thunderstorm,-0.5,1850,1203,2498,MEDIUM,,0.97,1.0,True,False,2026-05-14T03:30:30.875395,Essex_New_Jersey_2026051403,1908.0,False,1908.0,85509.0,
Middlesex,New Jersey,MODERATE,3,2026-05-14 03:00:00+00:00,2026-05-14 08:00:00+00:00,5.0,10.0,76,Keyword: thunderstorm,-0.5,1850,1202,2497,MEDIUM,,0.97,1.0,True,False,2026-05-14T03:30:30.875395,Middlesex_New_Jersey_2026051403,1907.0,False,1907.0,100804.0,
Essex,New Jersey,MODERATE,3,2026-05-17 18:00:00+00:00,2026-05-17 23:00:00+00:00,5.0,10.0,16,Keyword: thunderstorm,86.5,1850,1203,2498,MEDIUM,,0.97,1.0,True,False,2026-05-14T03:30:30.883946,Essex_New_Jersey_2026051718,1908.0,False,1908.0,85509.0,
Westchester,New York,MODERATE,3,2026-05-17 12:00:00+00:00,2026-05-17 23:00:00+00:00,11.0,9.0,22,Keyword: thunderstorm,80.5,1834,1192,2475,MEDIUM,,1.15,1.0,True,False,2026-05-14T03:30:30.883946,Westchester_New_York_2026051712,1594.0,False,1594.0,124918.0,
Essex,Massachusetts,MINOR,3,2026-05-14 16:00:00+00:00,2026-05-15 08:00:00+00:00,16.0,12.0,92,Precip 67%,12.5,1760,1232,2288,HIGH,,1.3,1.0,True,False,2026-05-14T03:30:30.883946,Essex_Massachusetts_2026051416,1354.0,False,2256.0,112655.0,
Bergen,New Jersey,MODERATE,3,2026-05-14 03:00:00+00:00,2026-05-14 08:00:00+00:00,5.0,10.0,87,Keyword: thunderstorm,-0.5,1748,1136,2360,MEDIUM,,0.97,1.0,True,False,2026-05-14T03:30:30.875395,Bergen_New_Jersey_2026051403,1802.0,False,1802.0,140979.0,
Chittenden,Vermont,MINOR,3,2026-05-14 05:00:00+00:00,2026-05-15 06:00:00+00:00,25.0,7.0,95,Precip 63%,1.5,1655,1158,2151,HIGH,,1.57,1.0,True,False,2026-05-14T03:30:30.875395,Chittenden_Vermont_2026051405,1054.0,False,1756.0,21446.0,
Providence,Rhode Island,MINOR,3,2026-05-14 15:00:00+00:00,2026-05-15 02:00:00+00:00,11.0,9.0,88,Keyword: thunderstorm,11.5,1541,1079,2003,HIGH,,1.15,1.0,True,False,2026-05-14T03:30:30.875395,Providence_Rhode_Island_2026051415,1340.0,False,2234.0,84135.0,
Worcester,Massachusetts,MINOR,3,2026-05-14 15:00:00+00:00,2026-05-15 02:00:00+00:00,11.0,8.0,90,Precip 63%,11.5,1413,989,1837,HIGH,,1.15,1.0,True,False,2026-05-14T03:30:30.883946,Worcester_Massachusetts_2026051415,1229.0,False,2048.0,70225.0,
Middlesex,Massachusetts,MINOR,3,2026-05-14 16:00:00+00:00,2026-05-15 02:00:00+00:00,10.0,8.0,91,Precip 73%,12.5,1404,983,1826,HIGH,,1.12,1.0,True,False,2026-05-14T03:30:30.883946,Middlesex_Massachusetts_2026051416,1254.0,False,2090.0,148898.0,
Hartford,Connecticut,MINOR,3,2026-05-14 12:00:00+00:00,2026-05-15 00:00:00+00:00,12.0,7.0,80,Precip 80%,8.5,1383,968,1798,HIGH,,1.18,1.0,True,False,2026-05-14T03:30:30.875395,Hartford_Connecticut_2026051412,1172.0,False,1954.0,179370.0,
Suffolk,Massachusetts,MINOR,3,2026-05-14 16:00:00+00:00,2026-05-15 03:00:00+00:00,11.0,12.0,88,Precip 72%,12.5,1192,834,1550,HIGH,,1.15,1.0,True,False,2026-05-14T03:30:30.883946,Suffolk_Massachusetts_2026051416,1036.0,False,1728.0,27817.0,
Bergen,New Jersey,MINOR,3,2026-05-14 12:00:00+00:00,2026-05-14 20:00:00+00:00,8.0,7.0,72,Precip 72%,8.5,1146,802,1490,HIGH,,1.06,1.0,True,False,2026-05-14T03:30:30.875395,Bergen_New_Jersey_2026051412,1081.0,False,1802.0,140979.0,
York,Maine,MINOR,2,2026-05-14 18:00:00+00:00,2026-05-15 18:00:00+00:00,24.0,10.0,97,Precip 71%,14.5,2092,1464,2720,HIGH,,1.54,1.0,True,False,2026-05-14T03:30:30.883946,York_Maine_2026051418,1358.0,False,2264.0,90611.0,
Cumberland,Maine,MINOR,2,2026-05-14 18:00:00+00:00,2026-05-15 18:00:00+00:00,24.0,15.0,97,Precip 74%,14.5,1991,1394,2589,HIGH,,1.54,1.0,True,False,2026-05-14T03:30:30.883946,Cumberland_Maine_2026051418,1293.0,False,2155.0,109526.0,
Kennebec,Maine,MINOR,2,2026-05-14 19:00:00+00:00,2026-05-15 17:00:00+00:00,22.0,10.0,91,Precip 63%,15.5,1919,1343,2495,HIGH,,1.48,1.0,True,False,2026-05-14T03:30:30.888531,Kennebec_Maine_2026051419,1297.0,False,2161.0,67586.0,
Androscoggin,Maine,MINOR,2,2026-05-14 18:00:00+00:00,2026-05-15 17:00:00+00:00,23.0,10.0,96,Precip 65%,14.5,1683,1178,2188,HIGH,,1.51,1.0,True,False,2026-05-14T03:30:30.883946,Androscoggin_Maine_2026051418,1115.0,False,1858.0,40795.0,
Essex,Massachusetts,MINOR,2,2026-05-15 12:00:00+00:00,2026-05-15 17:00:00+00:00,5.0,9.0,83,Precip 61%,32.5,1313,919,1707,HIGH,,0.97,1.0,True,False,2026-05-14T03:30:30.888531,Essex_Massachusetts_2026051512,1354.0,False,2256.0,112655.0,
Providence,Rhode Island,MINOR,2,2026-05-15 15:00:00+00:00,2026-05-15 16:00:00+00:00,1.0,8.0,67,Precip 67%,35.5,1139,797,1481,HIGH,,0.85,1.0,True,False,2026-05-14T03:30:30.888531,Providence_Rhode_Island_2026051515,1340.0,False,2234.0,84135.0,
Penobscot,Maine,MINOR,2,2026-05-15 00:00:00+00:00,2026-05-15 01:00:00+00:00,1.0,7.0,63,Precip 63%,20.5,1089,762,1415,HIGH,,0.85,1.0,True,False,2026-05-14T03:30:30.888531,Penobscot_Maine_2026051500,1281.0,False,2134.0,65190.0,
Middlesex,Massachusetts,MINOR,2,2026-05-15 15:00:00+00:00,2026-05-15 16:00:00+00:00,1.0,7.0,72,Precip 72%,35.5,1066,746,1386,HIGH,,0.85,1.0,True,False,2026-05-14T03:30:30.888531,Middlesex_Massachusetts_2026051515,1254.0,False,2090.0,148898.0,
Monmouth,New Jersey,MINOR,2,2026-05-14 15:00:00+00:00,2026-05-14 15:00:00+00:00,0.0,5.0,71,Precip 71%,11.5,1009,706,1311,HIGH,,0.82,1.0,True,False,2026-05-14T03:30:30.883946,Monmouth_New_Jersey_2026051415,1230.0,False,2050.0,202864.0,
Worcester,Massachusetts,MINOR,2,2026-05-15 15:00:00+00:00,2026-05-15 15:00:00+00:00,0.0,8.0,65,Precip 65%,35.5,1008,705,1310,HIGH,,0.82,1.0,True,False,2026-05-14T03:30:30.888531,Worcester_Massachusetts_2026051515,1229.0,False,2048.0,70225.0,
Essex,New Jersey,MINOR,2,2026-05-14 12:00:00+00:00,2026-05-14 14:00:00+00:00,2.0,3.0,67,Precip 67%,8.5,1007,705,1309,HIGH,,0.88,1.0,True,False,2026-05-14T03:30:30.883946,Essex_New_Jersey_2026051412,1144.0,False,1908.0,85509.0,
Middlesex,New Jersey,MINOR,2,2026-05-14 14:00:00+00:00,2026-05-14 15:00:00+00:00,1.0,5.0,62,Precip 62%,10.5,973,681,1264,HIGH,,0.85,1.0,False,False,2026-05-14T03:30:30.883946,Middlesex_New_Jersey_2026051414,1144.0,False,1907.0,100804.0,
Suffolk,Massachusetts,MINOR,2,2026-05-15 14:00:00+00:00,2026-05-15 17:00:00+00:00,3.0,9.0,76,Precip 67%,34.5,943,660,1226,HIGH,,0.91,1.0,False,False,2026-05-14T03:30:30.888531,Suffolk_Massachusetts_2026051514,1036.0,False,1728.0,27817.0,
Erie,New York,MODERATE,3,2026-05-16 18:00:00+00:00,2026-05-17 02:00:00+00:00,8.0,12.0,41,Keyword: thunderstorm,5.9,2174,1413,2935,MEDIUM,,1.06,1.0,True,False,2026-05-16T12:06:26.421114,Erie_New_York_2026051618,2051.0,False,2051.0,147874.0,
Ocean,New Jersey,MODERATE,3,2026-05-21 00:00:00+00:00,2026-05-21 17:00:00+00:00,17.0,5.0,59,Keyword: thunderstorm,102.9,3785,1892,5677,MEDIUM,,,,True,False,2026-05-16T17:07:41.691823,Ocean_New_Jersey_2026052100,,,,,v4
Suffolk,New York,MODERATE,3,2026-05-21 00:00:00+00:00,2026-05-21 05:00:00+00:00,5.0,7.0,48,Keyword: thunderstorm,102.9,1967,984,2951,MEDIUM,,,,True,False,2026-05-16T17:07:41.699395,Suffolk_New_York_2026052100,,,,,v4
Erie,New York,MODERATE,3,2026-05-19 12:00:00+00:00,2026-05-20 17:00:00+00:00,29.0,12.0,68,Keyword: thunderstorm,66.9,1514,757,2271,MEDIUM,,,,True,False,2026-05-16T17:07:41.456882,Erie_New_York_2026051912,,,,,v4
New Haven,Connecticut,MODERATE,3,2026-05-21 00:00:00+00:00,2026-05-21 05:00:00+00:00,5.0,5.0,44,Keyword: thunderstorm,102.9,1401,701,2102,MEDIUM,,,,True,False,2026-05-16T17:07:41.685722,New_Haven_Connecticut_2026052100,,,,,v4
Nassau,New York,MODERATE,3,2026-05-21 00:00:00+00:00,2026-05-21 11:00:00+00:00,11.0,9.0,51,Keyword: thunderstorm,102.9,1346,673,2019,MEDIUM,,,,True,False,2026-05-16T17:07:41.680416,Nassau_New_York_2026052100,,,,,v4
Erie,New York,MODERATE,3,2026-05-17 01:00:00+00:00,2026-05-17 02:00:00+00:00,1.0,8.0,26,Keyword: thunderstorm,7.9,1081,540,1621,MEDIUM,,,,True,False,2026-05-16T17:07:41.415627,Erie_New_York_2026051701,,,,,v4
Erie,New York,MODERATE,3,2026-05-16 19:00:00+00:00,2026-05-16 21:00:00+00:00,2.0,17.0,68,Keyword: thunderstorm,1.9,959,479,1438,MEDIUM,,,,False,False,2026-05-16T17:07:41.399187,Erie_New_York_2026051619,,,,,v4
Suffolk,Massachusetts,MODERATE,3,2026-05-19 20:00:00+00:00,2026-05-19 23:00:00+00:00,3.0,12.0,19,Keyword: thunderstorm,74.9,498,249,747,MEDIUM,,,,False,False,2026-05-16T17:07:41.513663,Suffolk_Massachusetts_2026051920,,,,,v4
Chittenden,Vermont,MODERATE,3,2026-05-19 00:00:00+00:00,2026-05-19 05:00:00+00:00,5.0,14.0,16,Keyword: thunderstorm,54.9,415,208,623,MEDIUM,,,,False,False,2026-05-16T17:07:41.444046,Chittenden_Vermont_2026051900,,,,,v4
Hillsborough,New Hampshire,MODERATE,3,2026-05-19 20:00:00+00:00,2026-05-19 22:00:00+00:00,2.0,15.0,18,Keyword: thunderstorm,74.9,360,180,540,MEDIUM,,,,False,False,2026-05-16T17:07:41.505513,Hillsborough_NH_2026051920,,,,,v4
Allegheny,Pennsylvania,MODERATE,3,2026-05-16 17:00:00+00:00,2026-05-16 23:00:00+00:00,6.0,15.0,69,Keyword: thunderstorm,-0.1,334,167,501,MEDIUM,,,,False,False,2026-05-16T17:07:41.382141,Allegheny_PA_2026051617,,,,,v4
Worcester,Massachusetts,MODERATE,3,2026-05-19 21:00:00+00:00,2026-05-19 21:00:00+00:00,0.0,12.0,16,Keyword: thunderstorm,70.0,8122,4061,12183,MEDIUM,,,,True,False,2026-05-16T23:00:43.359014,Worcester_Massachusetts_2026051921,,,,,v4
Hartford,Connecticut,MODERATE,3,2026-05-19 21:00:00+00:00,2026-05-19 21:00:00+00:00,0.0,13.0,16,Keyword: thunderstorm,70.0,2695,1347,4042,MEDIUM,,,,True,False,2026-05-16T23:00:43.341911,Hartford_Connecticut_2026051921,,,,,v4
Allegheny,PA,MODERATE,3,2026-05-20 12:00:00+00:00,2026-05-20 23:00:00+00:00,11.0,14.0,87,Keyword: thunderstorm,85.0,1819,910,2729,MEDIUM,,,,True,False,2026-05-16T23:00:43.359014,Allegheny_PA_2026052012,,,,,v4
Chittenden,Vermont,MODERATE,3,2026-05-20 12:00:00+00:00,2026-05-20 23:00:00+00:00,11.0,10.0,57,Keyword: thunderstorm,85.0,1611,805,2416,MEDIUM,,,,True,False,2026-05-16T23:00:43.376316,Chittenden_Vermont_2026052012,,,,,v4
Erie,New York,MODERATE,3,2026-05-19 18:00:00+00:00,2026-05-20 17:00:00+00:00,23.0,13.0,64,Keyword: thunderstorm,67.0,1523,762,2285,MEDIUM,,,,True,False,2026-05-16T23:00:43.309110,Erie_New_York_2026051918,,,,,v4
Erie,New York,MODERATE,3,2026-05-18 01:00:00+00:00,2026-05-18 05:00:00+00:00,4.0,3.0,19,Keyword: thunderstorm,26.0,946,473,1419,MEDIUM,,,,False,False,2026-05-16T23:00:43.275152,Erie_New_York_2026051801,,,,,v4
Penobscot,Maine,MODERATE,3,2026-05-19 19:00:00+00:00,2026-05-19 23:00:00+00:00,4.0,10.0,48,Keyword: thunderstorm,68.0,711,356,1067,MEDIUM,,,,False,False,2026-05-16T23:00:43.337934,Penobscot_Maine_2026051919,,,,,v4
Allegheny,PA,MODERATE,3,2026-05-16 22:00:00+00:00,2026-05-16 23:00:00+00:00,1.0,12.0,67,Keyword: thunderstorm,-1.0,391,196,587,MEDIUM,,,,False,False,2026-05-16T23:00:43.258861,Allegheny_PA_2026051622,,,,,v4
Hillsborough,NH,MODERATE,3,2026-05-19 21:00:00+00:00,2026-05-19 21:00:00+00:00,0.0,10.0,15,Keyword: thunderstorm,70.0,391,196,587,MEDIUM,,,,False,False,2026-05-16T23:00:43.341911,Hillsborough_NH_2026051921,,,,,v4
Allegheny,PA,MODERATE,3,2026-05-17 18:00:00+00:00,2026-05-17 22:00:00+00:00,4.0,7.0,21,Keyword: thunderstorm,19.0,355,177,532,MEDIUM,,,,False,False,2026-05-16T23:00:43.271245,Allegheny_PA_2026051718,,,,,v4
Androscoggin,Maine,MODERATE,3,2026-05-19 19:00:00+00:00,2026-05-19 23:00:00+00:00,4.0,10.0,24,Keyword: thunderstorm,68.0,343,172,515,MEDIUM,,,,False,False,2026-05-16T23:00:43.329346,Androscoggin_Maine_2026051919,,,,,v4
Worcester,Massachusetts,MODERATE,3,2026-05-19 19:00:00+00:00,2026-05-19 23:00:00+00:00,4.0,12.0,21,Keyword: thunderstorm,54.8,7486,3743,11229,MEDIUM,,,,True,False,2026-05-17T12:12:46.302451,Worcester_Massachusetts_2026051919,,,,,v4
Worcester,Massachusetts,MODERATE,3,2026-05-20 18:00:00+00:00,2026-05-20 23:00:00+00:00,5.0,14.0,78,Keyword: thunderstorm,77.8,7486,3743,11229,MEDIUM,,,,True,False,2026-05-17T12:12:46.443440,Worcester_Massachusetts_2026052018,,,,,v4
Allegheny,PA,MODERATE,3,2026-05-19 18:00:00+00:00,2026-05-20 23:00:00+00:00,29.0,16.0,87,Keyword: thunderstorm,53.8,3375,1688,5063,MEDIUM,,,,True,False,2026-05-17T12:12:46.279830,Allegheny_PA_2026051918,,,,,v4
Middlesex,Massachusetts,MODERATE,3,2026-05-19 20:00:00+00:00,2026-05-19 22:00:00+00:00,2.0,10.0,18,Keyword: thunderstorm,55.8,3323,1661,4984,MEDIUM,,,,True,False,2026-05-17T12:12:46.302825,Middlesex_Massachusetts_2026051920,,,,,v4
Middlesex,Massachusetts,MODERATE,3,2026-05-20 18:00:00+00:00,2026-05-20 23:00:00+00:00,5.0,12.0,71,Keyword: thunderstorm,77.8,3227,1613,4840,MEDIUM,,,,True,False,2026-05-17T12:12:46.380946,Middlesex_Massachusetts_2026052018,,,,,v4
York,Maine,MODERATE,3,2026-05-20 18:00:00+00:00,2026-05-20 23:00:00+00:00,5.0,15.0,42,Keyword: thunderstorm,77.8,2766,1383,4149,MEDIUM,,,,True,False,2026-05-17T12:12:46.459063,York_Maine_2026052018,,,,,v4
Ocean,New Jersey,MODERATE,3,2026-05-20 18:00:00+00:00,2026-05-21 05:00:00+00:00,11.0,10.0,61,Keyword: thunderstorm,77.8,2697,1348,4045,MEDIUM,,,,True,False,2026-05-17T12:12:46.412193,Ocean_New_Jersey_2026052018,,,,,v4
Erie,New York,MODERATE,3,2026-05-20 00:00:00+00:00,2026-05-20 17:00:00+00:00,17.0,12.0,83,Keyword: thunderstorm,59.8,2462,1231,3693,MEDIUM,,,,True,False,2026-05-17T12:12:46.302825,Erie_New_York_2026052000,,,,,v4
Hartford,Connecticut,MODERATE,3,2026-05-20 18:00:00+00:00,2026-05-20 23:00:00+00:00,5.0,15.0,81,Keyword: thunderstorm,77.8,2333,1166,3499,MEDIUM,,,,True,False,2026-05-17T12:12:46.365322,Hartford_Connecticut_2026052018,,,,,v4
Cumberland,Maine,MODERATE,3,2026-05-20 18:00:00+00:00,2026-05-20 23:00:00+00:00,5.0,15.0,40,Keyword: thunderstorm,77.8,2012,1006,3018,MEDIUM,,,,True,False,2026-05-17T12:12:46.334076,Cumberland_Maine_2026052018,,,,,v4
Fairfield,Connecticut,MODERATE,3,2026-05-20 18:00:00+00:00,2026-05-20 23:00:00+00:00,5.0,14.0,81,Keyword: thunderstorm,77.8,1975,987,2962,MEDIUM,,,,True,False,2026-05-17T12:12:46.349699,Fairfield_Connecticut_2026052018,,,,,v4
Suffolk,New York,MODERATE,3,2026-05-20 18:00:00+00:00,2026-05-20 23:00:00+00:00,5.0,14.0,53,Keyword: thunderstorm,77.8,1967,984,2951,MEDIUM,,,,True,False,2026-05-17T12:12:46.443440,Suffolk_New_York_2026052018,,,,,v4
Monmouth,New Jersey,MODERATE,3,2026-05-20 18:00:00+00:00,2026-05-21 05:00:00+00:00,11.0,15.0,68,Keyword: thunderstorm,77.8,1893,947,2840,MEDIUM,,,,True,False,2026-05-17T12:12:46.380946,Monmouth_New_Jersey_2026052018,,,,,v4
Philadelphia,PA,MODERATE,3,2026-05-20 18:00:00+00:00,2026-05-21 05:00:00+00:00,11.0,15.0,69,Keyword: thunderstorm,77.8,1819,910,2729,MEDIUM,,,,True,False,2026-05-17T12:12:46.412193,Philadelphia_PA_2026052018,,,,,v4
Chittenden,Vermont,MODERATE,3,2026-05-20 06:00:00+00:00,2026-05-20 17:00:00+00:00,11.0,12.0,45,Keyword: thunderstorm,65.8,1611,805,2416,MEDIUM,,,,True,False,2026-05-17T12:12:46.318452,Chittenden_Vermont_2026052006,,,,,v4
Providence,Rhode Island,MODERATE,3,2026-05-20 18:00:00+00:00,2026-05-20 23:00:00+00:00,5.0,14.0,61,Keyword: thunderstorm,77.8,1480,740,2220,MEDIUM,,,,True,False,2026-05-17T12:12:46.427816,Providence_Rhode_Island_2026052018,,,,,v4
New Haven,Connecticut,MODERATE,3,2026-05-20 18:00:00+00:00,2026-05-20 23:00:00+00:00,5.0,13.0,76,Keyword: thunderstorm,77.8,1401,701,2102,MEDIUM,,,,True,False,2026-05-17T12:12:46.396570,New_Haven_Connecticut_2026052018,,,,,v4
Erie,New York,MODERATE,3,2026-05-18 04:00:00+00:00,2026-05-18 05:00:00+00:00,1.0,3.0,19,Keyword: thunderstorm,15.8,1081,540,1621,MEDIUM,,,,True,False,2026-05-17T12:12:46.274846,Erie_New_York_2026051804,,,,,v4
Nassau,New York,MODERATE,3,2026-05-20 18:00:00+00:00,2026-05-20 23:00:00+00:00,5.0,16.0,75,Keyword: thunderstorm,77.8,935,467,1402,MEDIUM,,,,False,False,2026-05-17T12:12:46.396570,Nassau_New_York_2026052018,,,,,v4
Kennebec,Maine,MODERATE,3,2026-05-19 18:00:00+00:00,2026-05-19 23:00:00+00:00,5.0,10.0,34,Keyword: thunderstorm,53.8,896,448,1345,MEDIUM,,,,False,False,2026-05-17T12:12:46.291488,Kennebec_Maine_2026051918,,,,,v4
Kennebec,Maine,MODERATE,3,2026-05-20 18:00:00+00:00,2026-05-20 23:00:00+00:00,5.0,15.0,52,Keyword: thunderstorm,77.8,896,448,1345,MEDIUM,,,,False,False,2026-05-17T12:12:46.365322,Kennebec_Maine_2026052018,,,,,v4
Middlesex,New Jersey,MODERATE,3,2026-05-20 18:00:00+00:00,2026-05-20 23:00:00+00:00,5.0,15.0,65,Keyword: thunderstorm,77.8,858,429,1288,MEDIUM,,,,False,False,2026-05-17T12:12:46.380946,Middlesex_New_Jersey_2026052018,,,,,v4
Westchester,New York,MODERATE,3,2026-05-20 18:00:00+00:00,2026-05-20 23:00:00+00:00,5.0,15.0,79,Keyword: thunderstorm,77.8,797,398,1195,MEDIUM,,,,False,False,2026-05-17T12:12:46.443440,Westchester_New_York_2026052018,,,,,v4
Penobscot,Maine,MODERATE,3,2026-05-19 18:00:00+00:00,2026-05-19 23:00:00+00:00,5.0,12.0,44,Keyword: thunderstorm,53.8,711,356,1067,MEDIUM,,,,False,False,2026-05-17T12:12:46.296471,Penobscot_Maine_2026051918,,,,,v4
Penobscot,Maine,MODERATE,3,2026-05-20 18:00:00+00:00,2026-05-20 23:00:00+00:00,5.0,15.0,50,Keyword: thunderstorm,77.8,711,356,1067,MEDIUM,,,,False,False,2026-05-17T12:12:46.412193,Penobscot_Maine_2026052018,,,,,v4
Essex,Massachusetts,MODERATE,3,2026-05-20 18:00:00+00:00,2026-05-20 23:00:00+00:00,5.0,13.0,69,Keyword: thunderstorm,77.8,675,337,1012,MEDIUM,,,,False,False,2026-05-17T12:12:46.349699,Essex_Massachusetts_2026052018,,,,,v4
Bergen,New Jersey,MODERATE,3,2026-05-20 18:00:00+00:00,2026-05-20 23:00:00+00:00,5.0,15.0,73,Keyword: thunderstorm,77.8,625,312,937,MEDIUM,,,,False,False,2026-05-17T12:12:46.318452,Bergen_New_Jersey_2026052018,,,,,v4
Suffolk,Massachusetts,MODERATE,3,2026-05-20 18:00:00+00:00,2026-05-20 23:00:00+00:00,5.0,14.0,74,Keyword: thunderstorm,77.8,473,237,710,MEDIUM,,,,False,False,2026-05-17T12:12:46.427816,Suffolk_Massachusetts_2026052018,,,,,v4
Chittenden,Vermont,MODERATE,3,2026-05-19 18:00:00+00:00,2026-05-19 23:00:00+00:00,5.0,9.0,25,Keyword: thunderstorm,53.8,415,208,623,MEDIUM,,,,False,False,2026-05-17T12:12:46.284813,Chittenden_Vermont_2026051918,,,,,v4
Allegheny,PA,MODERATE,3,2026-05-17 17:00:00+00:00,2026-05-17 22:00:00+00:00,5.0,8.0,23,Keyword: thunderstorm,4.8,355,177,532,MEDIUM,,,,False,False,2026-05-17T12:12:46.254924,Allegheny_PA_2026051717,,,,,v4
Bucks,PA,MODERATE,3,2026-05-20 18:00:00+00:00,2026-05-20 23:00:00+00:00,5.0,15.0,74,Keyword: thunderstorm,77.8,355,177,532,MEDIUM,,,,False,False,2026-05-17T12:12:46.334076,Bucks_PA_2026052018,,,,,v4
Chester,PA,MODERATE,3,2026-05-20 18:00:00+00:00,2026-05-20 23:00:00+00:00,5.0,15.0,75,Keyword: thunderstorm,77.8,355,177,532,MEDIUM,,,,False,False,2026-05-17T12:12:46.334076,Chester_PA_2026052018,,,,,v4
Hillsborough,NH,MODERATE,3,2026-05-20 18:00:00+00:00,2026-05-20 23:00:00+00:00,5.0,15.0,46,Keyword: thunderstorm,77.8,355,177,532,MEDIUM,,,,False,False,2026-05-17T12:12:46.365322,Hillsborough_NH_2026052018,,,,,v4
Montgomery,PA,MODERATE,3,2026-05-20 18:00:00+00:00,2026-05-20 23:00:00+00:00,5.0,15.0,75,Keyword: thunderstorm,77.8,355,177,532,MEDIUM,,,,False,False,2026-05-17T12:12:46.396570,Montgomery_PA_2026052018,,,,,v4
Rockingham,NH,MODERATE,3,2026-05-20 18:00:00+00:00,2026-05-20 23:00:00+00:00,5.0,15.0,52,Keyword: thunderstorm,77.8,355,177,532,MEDIUM,,,,False,False,2026-05-17T12:12:46.427816,Rockingham_NH_2026052018,,,,,v4
Allegheny,PA,MODERATE,3,2026-05-23 18:00:00+00:00,2026-05-23 22:00:00+00:00,4.0,10.0,49,Keyword: thunderstorm,149.8,355,177,532,MEDIUM,,,,False,False,2026-05-17T12:12:46.470763,Allegheny_PA_2026052318,,,,,v4
Androscoggin,Maine,MODERATE,3,2026-05-20 18:00:00+00:00,2026-05-20 23:00:00+00:00,5.0,15.0,41,Keyword: thunderstorm,77.8,343,172,515,MEDIUM,,,,False,False,2026-05-17T12:12:46.318452,Androscoggin_Maine_2026052018,,,,,v4
Essex,New Jersey,MODERATE,3,2026-05-20 18:00:00+00:00,2026-05-20 23:00:00+00:00,5.0,16.0,62,Keyword: thunderstorm,77.8,324,162,486,MEDIUM,,,,False,False,2026-05-17T12:12:46.349699,Essex_New_Jersey_2026052018,,,,,v4
Allegheny,PA,MINOR,3,2026-05-22 20:00:00+00:00,2026-05-24 05:00:00+00:00,33.0,15.0,99,Precip 69%,5.9,3415,1878,4952,HIGH,,,,True,False,2026-05-22T14:03:26.798452,Allegheny_PA_2026052220,,,,,v4
Worcester,Massachusetts,MODERATE,3,2026-05-27 19:00:00+00:00,2026-05-27 23:00:00+00:00,4.0,10.0,19,Keyword: thunderstorm,122.1,7486,3743,11229,MEDIUM,,,,True,False,2026-05-22T16:54:20.666822,Worcester_Massachusetts_2026052719,,,,,v4
Philadelphia,PA,MINOR,3,2026-05-23 08:00:00+00:00,2026-05-24 23:00:00+00:00,39.0,15.0,100,Precip 65%,15.1,3431,1887,4975,HIGH,,,,True,False,2026-05-22T16:54:20.523725,Philadelphia_PA_2026052308,,,,,v4
Hartford,Connecticut,MINOR,3,2026-05-24 02:00:00+00:00,2026-05-24 23:00:00+00:00,21.0,9.0,94,Precip 64%,33.1,3415,1878,4952,HIGH,,,,True,False,2026-05-22T16:54:20.576701,Hartford_Connecticut_2026052402,,,,,v4
Chester,PA,MODERATE,3,2026-05-25 06:00:00+00:00,2026-05-25 23:00:00+00:00,17.0,5.0,58,Keyword: thunderstorm,61.1,2718,1359,4077,MEDIUM,,,,True,False,2026-05-22T16:54:20.615257,Chester_PA_2026052506,,,,,v4
Allegheny,PA,MINOR,3,2026-05-24 18:00:00+00:00,2026-05-25 11:00:00+00:00,17.0,6.0,78,Keyword: thunderstorm,49.1,2630,1446,3813,HIGH,,,,True,False,2026-05-22T16:54:20.590042,Allegheny_PA_2026052418,,,,,v4
Ocean,New Jersey,MINOR,3,2026-05-23 14:00:00+00:00,2026-05-24 17:00:00+00:00,27.0,20.0,100,Precip 87%,21.1,2563,1410,3717,HIGH,,,,True,False,2026-05-22T16:54:20.554705,Ocean_New_Jersey_2026052314,,,,,v4
Providence,Rhode Island,MINOR,3,2026-05-24 07:00:00+00:00,2026-05-25 05:00:00+00:00,22.0,10.0,95,Precip 64%,38.1,2276,1252,3300,HIGH,,,,True,False,2026-05-22T16:54:20.583551,Providence_Rhode_Island_2026052407,,,,,v4
Monmouth,New Jersey,MINOR,3,2026-05-23 12:00:00+00:00,2026-05-24 17:00:00+00:00,29.0,15.0,100,Precip 61%,19.1,2061,1133,2988,HIGH,,,,True,False,2026-05-22T16:54:20.544706,Monmouth_New_Jersey_2026052312,,,,,v4
Ocean,New Jersey,MODERATE,3,2026-05-24 21:00:00+00:00,2026-05-25 02:00:00+00:00,5.0,5.0,57,Keyword: thunderstorm,52.1,1959,980,2939,MEDIUM,,,,True,False,2026-05-22T16:54:20.610270,Ocean_New_Jersey_2026052421,,,,,v4
Allegheny,PA,MODERATE,3,2026-05-24 00:00:00+00:00,2026-05-24 11:00:00+00:00,11.0,15.0,71,Keyword: thunderstorm,31.1,1819,910,2729,MEDIUM,,,,True,False,2026-05-22T16:54:20.570721,Allegheny_PA_2026052400,,,,,v4
Montgomery,PA,MODERATE,3,2026-05-25 12:00:00+00:00,2026-05-25 23:00:00+00:00,11.0,5.0,60,Keyword: thunderstorm,67.1,1819,910,2729,MEDIUM,,,,True,False,2026-05-22T16:54:20.621887,Montgomery_PA_2026052512,,,,,v4
Erie,New York,MINOR,3,2026-05-23 11:00:00+00:00,2026-05-24 11:00:00+00:00,24.0,10.0,99,Precip 63%,18.1,1609,885,2333,HIGH,,,,True,False,2026-05-22T16:54:20.535228,Erie_New_York_2026052311,,,,,v4
Providence,Rhode Island,MODERATE,3,2026-05-27 20:00:00+00:00,2026-05-27 23:00:00+00:00,3.0,9.0,18,Keyword: thunderstorm,123.1,1513,756,2269,MEDIUM,,,,True,False,2026-05-22T16:54:20.674330,Providence_Rhode_Island_2026052720,,,,,v4
Nassau,New York,MINOR,3,2026-05-23 15:00:00+00:00,2026-05-24 23:00:00+00:00,32.0,21.0,99,Precip 65%,22.1,1465,805,2124,HIGH,,,,True,False,2026-05-22T16:54:20.563225,Nassau_New_York_2026052315,,,,,v4
Monmouth,New Jersey,MODERATE,3,2026-05-24 21:00:00+00:00,2026-05-25 02:00:00+00:00,5.0,5.0,39,Keyword: thunderstorm,52.1,1277,638,1915,MEDIUM,,,,True,False,2026-05-22T16:54:20.604761,Monmouth_New_Jersey_2026052421,,,,,v4
Middlesex,New Jersey,MODERATE,3,2026-05-24 21:00:00+00:00,2026-05-24 23:00:00+00:00,2.0,5.0,28,Keyword: thunderstorm,52.1,899,450,1349,MEDIUM,,,,False,False,2026-05-22T16:54:20.596026,Middlesex_New_Jersey_2026052421,,,,,v4
Philadelphia,PA,MODERATE,3,2026-05-25 12:00:00+00:00,2026-05-25 17:00:00+00:00,5.0,5.0,58,Keyword: thunderstorm,67.1,355,177,532,MEDIUM,,,,False,False,2026-05-22T16:54:20.625873,Philadelphia_PA_2026052512,,,,,v4
Allegheny,PA,MODERATE,3,2026-05-25 18:00:00+00:00,2026-05-25 23:00:00+00:00,5.0,5.0,50,Keyword: thunderstorm,73.1,355,177,532,MEDIUM,,,,False,False,2026-05-22T16:54:20.631385,Allegheny_PA_2026052518,,,,,v4
Allegheny,PA,MODERATE,3,2026-05-26 18:00:00+00:00,2026-05-26 23:00:00+00:00,5.0,3.0,15,Keyword: thunderstorm,97.1,355,177,532,MEDIUM,,,,False,False,2026-05-22T16:54:20.638522,Allegheny_PA_2026052618,,,,,v4
Allegheny,PA,MODERATE,3,2026-05-27 18:00:00+00:00,2026-05-27 23:00:00+00:00,5.0,6.0,25,Keyword: thunderstorm,121.1,355,177,532,MEDIUM,,,,False,False,2026-05-22T16:54:20.644021,Allegheny_PA_2026052718,,,,,v4
Chester,PA,MODERATE,3,2026-05-27 18:00:00+00:00,2026-05-27 23:00:00+00:00,5.0,5.0,17,Keyword: thunderstorm,121.1,355,177,532,MEDIUM,,,,False,False,2026-05-22T16:54:20.649902,Chester_PA_2026052718,,,,,v4
Montgomery,PA,MODERATE,3,2026-05-27 18:00:00+00:00,2026-05-27 23:00:00+00:00,5.0,5.0,15,Keyword: thunderstorm,121.1,355,177,532,MEDIUM,,,,False,False,2026-05-22T16:54:20.655886,Montgomery_PA_2026052718,,,,,v4
Philadelphia,PA,MODERATE,3,2026-05-27 18:00:00+00:00,2026-05-27 23:00:00+00:00,5.0,5.0,15,Keyword: thunderstorm,121.1,355,177,532,MEDIUM,,,,False,False,2026-05-22T16:54:20.660398,Philadelphia_PA_2026052718,,,,,v4
Worcester,Massachusetts,MINOR,2,2026-05-24 07:00:00+00:00,2026-05-25 01:00:00+00:00,18.0,10.0,94,Precip 64%,38.1,7073,3890,10256,HIGH,,,,True,False,2026-05-22T16:54:20.752981,Worcester_Massachusetts_2026052407,,,,,v4
York,Maine,MINOR,2,2026-05-24 18:00:00+00:00,2026-05-25 11:00:00+00:00,17.0,10.0,87,Precip 61%,49.1,5978,3288,8667,HIGH,,,,True,False,2026-05-22T16:54:20.797279,York_Maine_2026052418,,,,,v4
Middlesex,Massachusetts,MINOR,2,2026-05-24 11:00:00+00:00,2026-05-25 04:00:00+00:00,17.0,8.0,92,Precip 62%,42.1,5804,3192,8416,HIGH,,,,True,False,2026-05-22T16:54:20.759507,Middlesex_Massachusetts_2026052411,,,,,v4
Cumberland,Maine,MINOR,2,2026-05-24 20:00:00+00:00,2026-05-25 11:00:00+00:00,15.0,10.0,93,Precip 60%,51.1,4323,2378,6268,HIGH,,,,True,False,2026-05-22T16:54:20.804770,Cumberland_Maine_2026052420,,,,,v4
Chester,PA,MINOR,2,2026-05-23 08:00:00+00:00,2026-05-24 17:00:00+00:00,33.0,15.0,100,Precip 72%,15.1,3415,1878,4952,HIGH,,,,True,False,2026-05-22T16:54:20.686475,Chester_PA_2026052308,,,,,v4
Montgomery,PA,MINOR,2,2026-05-23 08:00:00+00:00,2026-05-24 17:00:00+00:00,33.0,15.0,100,Precip 63%,15.1,3415,1878,4952,HIGH,,,,True,False,2026-05-22T16:54:20.690970,Montgomery_PA_2026052308,,,,,v4
Bucks,PA,MINOR,2,2026-05-23 14:00:00+00:00,2026-05-24 17:00:00+00:00,27.0,15.0,100,Precip 91%,21.1,3415,1878,4952,HIGH,,,,True,False,2026-05-22T16:54:20.719543,Bucks_PA_2026052314,,,,,v4
Fairfield,Connecticut,MINOR,2,2026-05-23 18:00:00+00:00,2026-05-24 23:00:00+00:00,29.0,17.0,98,Precip 62%,25.1,3166,1741,4590,HIGH,,,,True,False,2026-05-22T16:54:20.725526,Fairfield_Connecticut_2026052318,,,,,v4
Suffolk,New York,MINOR,2,2026-05-23 21:00:00+00:00,2026-05-25 05:00:00+00:00,32.0,18.0,98,Precip 63%,28.1,2875,1581,4168,HIGH,,,,True,False,2026-05-22T16:54:20.745468,Suffolk_New_York_2026052321,,,,,v4
Hillsborough,NH,MINOR,2,2026-05-24 13:00:00+00:00,2026-05-25 06:00:00+00:00,17.0,10.0,87,Precip 61%,44.1,2631,1447,3814,HIGH,,,,True,False,2026-05-22T16:54:20.784754,Hillsborough_NH_2026052413,,,,,v4
Rockingham,NH,MINOR,2,2026-05-24 15:00:00+00:00,2026-05-25 07:00:00+00:00,16.0,10.0,86,Precip 64%,46.1,2593,1426,3759,HIGH,,,,True,False,2026-05-22T16:54:20.791299,Rockingham_NH_2026052415,,,,,v4
Androscoggin,Maine,MINOR,2,2026-05-24 22:00:00+00:00,2026-05-25 11:00:00+00:00,13.0,5.0,87,Precip 62%,53.1,2510,1381,3640,HIGH,,,,True,False,2026-05-22T16:54:20.810275,Androscoggin_Maine_2026052422,,,,,v4
Allegheny,PA,MINOR,2,2026-05-22 18:00:00+00:00,2026-05-23 16:00:00+00:00,22.0,15.0,99,Precip 66%,1.1,2408,1324,3491,HIGH,,,,True,False,2026-05-22T16:54:20.679323,Allegheny_PA_2026052218,,,,,v4
New Haven,Connecticut,MINOR,2,2026-05-23 21:00:00+00:00,2026-05-24 23:00:00+00:00,26.0,17.0,96,Precip 61%,28.1,2244,1234,3254,HIGH,,,,True,False,2026-05-22T16:54:20.738973,New_Haven_Connecticut_2026052321,,,,,v4
Essex,Massachusetts,MINOR,2,2026-05-24 12:00:00+00:00,2026-05-25 05:00:00+00:00,17.0,10.0,90,Precip 65%,43.1,2209,1215,3203,HIGH,,,,True,False,2026-05-22T16:54:20.773284,Essex_Massachusetts_2026052412,,,,,v4
Penobscot,Maine,MINOR,2,2026-05-25 05:00:00+00:00,2026-05-25 16:00:00+00:00,11.0,7.0,82,Precip 65%,60.1,1919,1055,2782,HIGH,,,,True,False,2026-05-22T16:54:20.823872,Penobscot_Maine_2026052505,,,,,v4
Middlesex,New Jersey,MINOR,2,2026-05-23 12:00:00+00:00,2026-05-24 17:00:00+00:00,29.0,15.0,100,Precip 61%,19.1,1494,822,2166,HIGH,,,,True,False,2026-05-22T16:54:20.713067,Middlesex_New_Jersey_2026052312,,,,,v4
Westchester,New York,MINOR,2,2026-05-23 18:00:00+00:00,2026-05-24 17:00:00+00:00,23.0,15.0,98,Precip 82%,25.1,1480,814,2146,HIGH,,,,True,False,2026-05-22T16:54:20.731019,Westchester_New_York_2026052318,,,,,v4
Suffolk,Massachusetts,MINOR,2,2026-05-24 12:00:00+00:00,2026-05-25 05:00:00+00:00,17.0,12.0,92,Precip 72%,43.1,1391,765,2017,HIGH,,,,True,False,2026-05-22T16:54:20.778770,Suffolk_Massachusetts_2026052412,,,,,v4
Bergen,New Jersey,MINOR,2,2026-05-23 12:00:00+00:00,2026-05-24 17:00:00+00:00,29.0,13.0,98,Precip 61%,19.1,1249,687,1811,HIGH,,,,True,False,2026-05-22T16:54:20.696950,Bergen_New_Jersey_2026052312,,,,,v4
Essex,New Jersey,MINOR,2,2026-05-23 12:00:00+00:00,2026-05-24 17:00:00+00:00,29.0,16.0,99,Precip 65%,19.1,944,519,1368,HIGH,,,,False,False,2026-05-22T16:54:20.706461,Essex_New_Jersey_2026052312,,,,,v4
Kennebec,Maine,MINOR,2,2026-05-25 02:00:00+00:00,2026-05-25 11:00:00+00:00,9.0,5.0,88,Precip 61%,57.1,648,356,939,HIGH,,,,False,False,2026-05-22T16:54:20.817368,Kennebec_Maine_2026052502,,,,,v4
Chittenden,Vermont,MINOR,2,2026-05-24 12:00:00+00:00,2026-05-24 19:00:00+00:00,7.0,12.0,76,Precip 64%,43.1,416,229,604,HIGH,,,,False,False,2026-05-22T16:54:20.766755,Chittenden_Vermont_2026052412,,,,,v4
Worcester,Massachusetts,MODERATE,3,2026-05-27 18:00:00+00:00,2026-05-27 21:00:00+00:00,3.0,10.0,20,Keyword: thunderstorm,50.3,7607,3804,11411,MEDIUM,,,,True,False,2026-05-25T15:41:16.304847,Worcester_Massachusetts_2026052718,,,,,v4
Worcester,Massachusetts,MODERATE,3,2026-05-28 18:00:00+00:00,2026-05-28 23:00:00+00:00,5.0,10.0,33,Keyword: thunderstorm,74.3,7486,3743,11229,MEDIUM,,,,True,False,2026-05-25T15:41:16.501525,Worcester_Massachusetts_2026052818,,,,,v4
Middlesex,Massachusetts,MODERATE,3,2026-05-27 18:00:00+00:00,2026-05-28 00:00:00+00:00,6.0,9.0,23,Keyword: thunderstorm,50.3,3072,1536,4608,MEDIUM,,,,True,False,2026-05-25T15:41:16.251707,Middlesex_Massachusetts_2026052718,,,,,v4
York,Maine,MODERATE,3,2026-05-28 18:00:00+00:00,2026-05-28 23:00:00+00:00,5.0,10.0,22,Keyword: thunderstorm,74.3,2766,1383,4149,MEDIUM,,,,True,False,2026-05-25T15:41:16.522071,York_Maine_2026052818,,,,,v4
Hartford,Connecticut,MODERATE,3,2026-05-27 17:00:00+00:00,2026-05-28 00:00:00+00:00,7.0,9.0,27,Keyword: thunderstorm,49.3,2174,1087,3262,MEDIUM,,,,True,False,2026-05-25T15:41:16.213306,Hartford_Connecticut_2026052717,,,,,v4
Providence,Rhode Island,MODERATE,3,2026-05-27 18:00:00+00:00,2026-05-27 23:00:00+00:00,5.0,9.0,21,Keyword: thunderstorm,50.3,1480,740,2220,MEDIUM,,,,True,False,2026-05-25T15:41:16.268934,Providence_Rhode_Island_2026052718,,,,,v4
Providence,Rhode Island,MODERATE,3,2026-05-28 18:00:00+00:00,2026-05-28 23:00:00+00:00,5.0,9.0,36,Keyword: thunderstorm,74.3,1480,740,2220,MEDIUM,,,,True,False,2026-05-25T15:41:16.438938,Providence_Rhode_Island_2026052818,,,,,v4
New Haven,Connecticut,MODERATE,3,2026-05-27 21:00:00+00:00,2026-05-27 23:00:00+00:00,2.0,8.0,17,Keyword: thunderstorm,53.3,1450,725,2175,MEDIUM,,,,True,False,2026-05-25T15:41:16.357356,New_Haven_Connecticut_2026052721,,,,,v4
Westchester,New York,MODERATE,3,2026-05-27 21:00:00+00:00,2026-05-27 23:00:00+00:00,2.0,8.0,18,Keyword: thunderstorm,53.3,824,412,1236,MEDIUM,,,,False,False,2026-05-25T15:41:16.374151,Westchester_New_York_2026052721,,,,,v4
Bergen,New Jersey,MODERATE,3,2026-05-27 21:00:00+00:00,2026-05-27 23:00:00+00:00,2.0,8.0,17,Keyword: thunderstorm,53.3,650,325,975,MEDIUM,,,,False,False,2026-05-25T15:41:16.338416,Bergen_New_Jersey_2026052721,,,,,v4
Essex,Massachusetts,MODERATE,3,2026-05-27 18:00:00+00:00,2026-05-28 00:00:00+00:00,6.0,9.0,22,Keyword: thunderstorm,50.3,643,322,965,MEDIUM,,,,False,False,2026-05-25T15:41:16.232545,Essex_Massachusetts_2026052718,,,,,v4
Suffolk,Massachusetts,MODERATE,3,2026-05-27 18:00:00+00:00,2026-05-28 01:00:00+00:00,7.0,10.0,27,Keyword: thunderstorm,50.3,425,213,638,MEDIUM,,,,False,False,2026-05-25T15:41:16.285911,Suffolk_Massachusetts_2026052718,,,,,v4
Allegheny,PA,MODERATE,3,2026-05-27 21:00:00+00:00,2026-05-27 23:00:00+00:00,2.0,7.0,21,Keyword: thunderstorm,53.3,360,180,540,MEDIUM,,,,False,False,2026-05-25T15:41:16.318931,Allegheny_PA_2026052721,,,,,v4
Hillsborough,NH,MODERATE,3,2026-05-28 18:00:00+00:00,2026-05-28 23:00:00+00:00,5.0,10.0,34,Keyword: thunderstorm,74.3,355,177,532,MEDIUM,,,,False,False,2026-05-25T15:41:16.406504,Hillsborough_NH_2026052818,,,,,v4
Middlesex,Massachusetts,MINOR,2,2026-05-25 15:00:00+00:00,2026-05-25 15:00:00+00:00,0.0,2.0,64,Precip 64%,-0.7,3813,2097,5528,HIGH,,,,True,False,2026-05-25T15:41:16.646580,Middlesex_Massachusetts_2026052515,,,,,v4
York,Maine,MINOR,2,2026-05-25 15:00:00+00:00,2026-05-25 15:00:00+00:00,0.0,0.0,72,Precip 72%,-0.7,2582,1420,3745,HIGH,,,,True,False,2026-05-25T15:41:16.823460,York_Maine_2026052515,,,,,v4
Cumberland,Maine,MINOR,2,2026-05-25 15:00:00+00:00,2026-05-25 15:00:00+00:00,0.0,5.0,80,Precip 80%,-0.7,1969,1083,2855,HIGH,,,,True,False,2026-05-25T15:41:16.578365,Cumberland_Maine_2026052515,,,,,v4
Ocean,New Jersey,MINOR,2,2026-05-25 15:00:00+00:00,2026-05-25 16:00:00+00:00,1.0,5.0,75,Precip 75%,-0.7,1918,1055,2781,HIGH,,,,True,False,2026-05-25T15:41:16.670752,Ocean_New_Jersey_2026052515,,,,,v4
Providence,Rhode Island,MINOR,2,2026-05-25 15:00:00+00:00,2026-05-25 16:00:00+00:00,1.0,5.0,75,Precip 75%,-0.7,1574,866,2282,HIGH,,,,True,False,2026-05-25T15:41:16.710773,Providence_Rhode_Island_2026052515,,,,,v4
Kennebec,Maine,MINOR,2,2026-05-25 15:00:00+00:00,2026-05-25 15:00:00+00:00,0.0,0.0,82,Precip 82%,-0.7,1038,571,1505,HIGH,,,,True,False,2026-05-25T15:41:16.622488,Kennebec_Maine_2026052515,,,,,v4
Essex,Massachusetts,MINOR,2,2026-05-25 15:00:00+00:00,2026-05-25 15:00:00+00:00,0.0,5.0,76,Precip 76%,-0.7,845,465,1225,HIGH,,,,False,False,2026-05-25T15:41:16.599795,Essex_Massachusetts_2026052515,,,,,v4
Penobscot,Maine,MINOR,2,2026-05-25 15:00:00+00:00,2026-05-25 17:00:00+00:00,2.0,8.0,100,Precip 100%,-0.7,787,433,1141,HIGH,,,,False,False,2026-05-25T15:41:16.692317,Penobscot_Maine_2026052515,,,,,v4
Suffolk,Massachusetts,MINOR,2,2026-05-25 15:00:00+00:00,2026-05-25 15:00:00+00:00,0.0,6.0,76,Precip 76%,-0.7,505,278,733,HIGH,,,,False,False,2026-05-25T15:41:16.771761,Suffolk_Massachusetts_2026052515,,,,,v4
Androscoggin,Maine,MINOR,2,2026-05-25 15:00:00+00:00,2026-05-25 15:00:00+00:00,0.0,0.0,74,Precip 74%,-0.7,390,215,566,HIGH,,,,False,False,2026-05-25T15:41:16.552149,Androscoggin_Maine_2026052515,,,,,v4
Rockingham,NH,MINOR,2,2026-05-25 15:00:00+00:00,2026-05-25 15:00:00+00:00,0.0,0.0,70,Precip 70%,-0.7,366,202,531,HIGH,,,,False,False,2026-05-25T15:41:16.725106,Rockingham_NH_2026052515,,,,,v4
Cumberland,Maine,MINOR,3,2026-05-29 23:00:00+00:00,2026-05-30 17:00:00+00:00,18.0,20.0,90,Precip 60%,-14.2,4525,2489,6561,HIGH,,,,True,False,2026-05-30T13:13:12.269874,Cumberland_Maine_2026052923,,,,,v4
Middlesex,Massachusetts,MODERATE,3,2026-05-28 18:00:00+00:00,2026-05-28 20:00:00+00:00,2.0,9.0,45,Keyword: thunderstorm,-43.2,3323,1661,4984,MEDIUM,,,,True,False,2026-05-30T13:13:12.232485,Middlesex_Massachusetts_2026052818,,,,,v4
Androscoggin,Maine,MINOR,3,2026-05-29 23:00:00+00:00,2026-05-30 17:00:00+00:00,18.0,20.0,91,Precip 65%,-14.2,3005,1653,4357,HIGH,,,,True,False,2026-05-30T13:13:12.260903,Androscoggin_Maine_2026052923,,,,,v4
York,Maine,MODERATE,3,2026-05-28 16:00:00+00:00,2026-05-28 20:00:00+00:00,4.0,5.0,67,Precip 61%,-45.2,2766,1383,4149,MEDIUM,,,,True,False,2026-05-30T13:13:12.216025,York_Maine_2026052816,,,,,v4
Hartford,Connecticut,MODERATE,3,2026-05-27 21:00:00+00:00,2026-05-27 21:00:00+00:00,0.0,9.0,16,Keyword: thunderstorm,-64.2,2695,1347,4042,MEDIUM,,,,True,False,2026-05-30T13:13:12.152239,Hartford_Connecticut_2026052721,,,,,v4
Fairfield,Connecticut,MODERATE,3,2026-05-27 20:00:00+00:00,2026-05-27 21:00:00+00:00,1.0,12.0,15,Keyword: thunderstorm,-65.2,2278,1139,3417,MEDIUM,,,,True,False,2026-05-30T13:13:12.110857,Fairfield_Connecticut_2026052720,,,,,v4
Suffolk,New York,MODERATE,3,2026-05-27 22:00:00+00:00,2026-05-27 23:00:00+00:00,1.0,9.0,23,Keyword: thunderstorm,-63.2,2130,1065,3195,MEDIUM,,,,True,False,2026-05-30T13:13:12.208051,Suffolk_New_York_2026052722,,,,,v4
Providence,Rhode Island,MODERATE,3,2026-05-27 21:00:00+00:00,2026-05-27 22:00:00+00:00,1.0,9.0,25,Keyword: thunderstorm,-64.2,1668,834,2502,MEDIUM,,,,True,False,2026-05-30T13:13:12.165194,Providence_Rhode_Island_2026052721,,,,,v4
New Haven,Connecticut,MODERATE,3,2026-05-27 20:00:00+00:00,2026-05-27 23:00:00+00:00,3.0,9.0,27,Keyword: thunderstorm,-65.2,1450,725,2175,MEDIUM,,,,True,False,2026-05-30T13:13:12.122816,New_Haven_Connecticut_2026052720,,,,,v4
Nassau,New York,MODERATE,3,2026-05-27 22:00:00+00:00,2026-05-27 23:00:00+00:00,1.0,12.0,15,Keyword: thunderstorm,-63.2,1076,538,1615,MEDIUM,,,,True,False,2026-05-30T13:13:12.197088,Nassau_New_York_2026052722,,,,,v4
Westchester,New York,MODERATE,3,2026-05-27 20:00:00+00:00,2026-05-27 21:00:00+00:00,1.0,10.0,15,Keyword: thunderstorm,-65.2,896,448,1344,MEDIUM,,,,False,False,2026-05-30T13:13:12.136770,Westchester_New_York_2026052720,,,,,v4
Essex,Massachusetts,MODERATE,3,2026-05-28 18:00:00+00:00,2026-05-28 20:00:00+00:00,2.0,6.0,55,Keyword: thunderstorm,-43.2,689,344,1033,MEDIUM,,,,False,False,2026-05-30T13:13:12.224994,Essex_Massachusetts_2026052818,,,,,v4
Bergen,New Jersey,MODERATE,3,2026-05-27 20:00:00+00:00,2026-05-27 23:00:00+00:00,3.0,9.0,23,Keyword: thunderstorm,-65.2,650,325,975,MEDIUM,,,,False,False,2026-05-30T13:13:12.098897,Bergen_New_Jersey_2026052720,,,,,v4
Suffolk,Massachusetts,MODERATE,3,2026-05-28 18:00:00+00:00,2026-05-28 20:00:00+00:00,2.0,7.0,54,Keyword: thunderstorm,-43.2,498,249,747,MEDIUM,,,,False,False,2026-05-30T13:13:12.250937,Suffolk_Massachusetts_2026052818,,,,,v4
Essex,New Jersey,MODERATE,3,2026-05-27 22:00:00+00:00,2026-05-27 23:00:00+00:00,1.0,12.0,23,Keyword: thunderstorm,-63.2,399,200,599,MEDIUM,,,,False,False,2026-05-30T13:13:12.180145,Essex_New_Jersey_2026052722,,,,,v4
Allegheny,PA,MODERATE,3,2026-05-27 20:00:00+00:00,2026-05-27 21:00:00+00:00,1.0,6.0,19,Keyword: thunderstorm,-65.2,391,196,587,MEDIUM,,,,False,False,2026-05-30T13:13:12.080955,Allegheny_PA_2026052720,,,,,v4
Rockingham,NH,MODERATE,3,2026-05-28 18:00:00+00:00,2026-05-28 20:00:00+00:00,2.0,5.0,59,Keyword: thunderstorm,-43.2,360,180,540,MEDIUM,,,,False,False,2026-05-30T13:13:12.239973,Rockingham_NH_2026052818,,,,,v4
York,Maine,MINOR,2,2026-05-30 00:00:00+00:00,2026-05-30 17:00:00+00:00,17.0,15.0,87,Precip 68%,-13.2,5978,3288,8667,HIGH,,,,True,False,2026-05-30T13:13:12.329679,York_Maine_2026053000,,,,,v4
Worcester,Massachusetts,MINOR,2,2026-05-30 03:00:00+00:00,2026-05-30 03:00:00+00:00,0.0,5.0,60,Precip 60%,-10.2,4937,2715,7159,HIGH,,,,True,False,2026-05-30T13:13:12.365070,Worcester_Massachusetts_2026053003,,,,,v4
Penobscot,Maine,MINOR,2,2026-05-30 06:00:00+00:00,2026-05-30 22:00:00+00:00,16.0,18.0,68,Precip 60%,-7.2,2942,1618,4266,HIGH,,,,True,False,2026-05-30T13:13:12.386000,Penobscot_Maine_2026053006,,,,,v4
Kennebec,Maine,MINOR,2,2026-05-29 23:00:00+00:00,2026-05-30 20:00:00+00:00,21.0,15.0,89,Precip 67%,-14.2,2745,1510,3980,HIGH,,,,True,False,2026-05-30T13:13:12.310737,Kennebec_Maine_2026052923,,,,,v4
Middlesex,Massachusetts,MINOR,2,2026-05-30 02:00:00+00:00,2026-05-30 11:00:00+00:00,9.0,8.0,73,Precip 64%,-11.2,2697,1483,3910,HIGH,,,,True,False,2026-05-30T13:13:12.356100,Middlesex_Massachusetts_2026053002,,,,,v4
Rockingham,NH,MINOR,2,2026-05-30 00:00:00+00:00,2026-05-30 15:00:00+00:00,15.0,15.0,85,Precip 61%,-13.2,2202,1211,3192,HIGH,,,,True,False,2026-05-30T13:13:12.317715,Rockingham_NH_2026053000,,,,,v4
Chittenden,Vermont,MINOR,2,2026-05-29 21:00:00+00:00,2026-05-30 11:00:00+00:00,14.0,12.0,88,Precip 60%,-16.2,1999,1100,2899,HIGH,,,,True,False,2026-05-30T13:13:12.300771,Chittenden_Vermont_2026052921,,,,,v4
Cumberland,Maine,MINOR,2,2026-05-28 18:00:00+00:00,2026-05-28 19:00:00+00:00,1.0,5.0,64,Precip 60%,-43.2,1969,1083,2855,HIGH,,,,True,False,2026-05-30T13:13:12.291800,Cumberland_Maine_2026052818,,,,,v4
Hillsborough,NH,MINOR,2,2026-05-30 01:00:00+00:00,2026-05-30 12:00:00+00:00,11.0,10.0,85,Precip 68%,-12.2,1750,962,2537,HIGH,,,,True,False,2026-05-30T13:13:12.336651,Hillsborough_NH_2026053001,,,,,v4
Essex,Massachusetts,MINOR,2,2026-05-30 02:00:00+00:00,2026-05-30 15:00:00+00:00,13.0,14.0,80,Precip 62%,-11.2,1387,763,2012,HIGH,,,,True,False,2026-05-30T13:13:12.347130,Essex_Massachusetts_2026053002,,,,,v4
Suffolk,Massachusetts,MINOR,2,2026-05-30 04:00:00+00:00,2026-05-30 12:00:00+00:00,8.0,10.0,70,Precip 60%,-9.2,407,224,591,HIGH,,,,False,False,2026-05-30T13:13:12.378027,Suffolk_Massachusetts_2026053004,,,,,v4
Worcester,Massachusetts,MODERATE,3,2026-05-30 16:00:00+00:00,2026-05-30 17:00:00+00:00,1.0,21.0,91,Heavy precip 91% + wind,-20.3,8350,4175,12525,MEDIUM,,,,True,False,2026-05-31T12:19:42.046112,Worcester_Massachusetts_2026053016,,,,,v4
Middlesex,Massachusetts,MINOR,3,2026-05-30 16:00:00+00:00,2026-05-30 19:00:00+00:00,3.0,20.0,100,Heavy precip 100% + wind,-20.3,3703,2037,5369,HIGH,,,,True,False,2026-05-31T12:19:42.004745,Middlesex_Massachusetts_2026053016,,,,,v4
Worcester,Massachusetts,MODERATE,3,2026-06-02 18:00:00+00:00,2026-06-02 23:00:00+00:00,5.0,6.0,32,Keyword: thunderstorm,53.7,3059,1530,4589,MEDIUM,,,,True,False,2026-05-31T12:19:42.366046,Worcester_Massachusetts_2026060218,,,,,v4
Middlesex,Massachusetts,MODERATE,3,2026-06-02 18:00:00+00:00,2026-06-02 23:00:00+00:00,5.0,6.0,30,Keyword: thunderstorm,53.7,2482,1241,3723,MEDIUM,,,,True,False,2026-05-31T12:19:42.153753,Middlesex_Massachusetts_2026060218,,,,,v4
Hartford,Connecticut,MODERATE,3,2026-06-01 18:00:00+00:00,2026-06-01 20:00:00+00:00,2.0,6.0,39,Keyword: thunderstorm,29.7,2443,1221,3664,MEDIUM,,,,True,False,2026-05-31T12:19:42.053088,Hartford_Connecticut_2026060118,,,,,v4
Hartford,Connecticut,MODERATE,3,2026-06-02 18:00:00+00:00,2026-06-02 23:00:00+00:00,5.0,6.0,30,Keyword: thunderstorm,53.7,2354,1177,3530,MEDIUM,,,,True,False,2026-05-31T12:19:42.130829,Hartford_Connecticut_2026060218,,,,,v4
Monmouth,New Jersey,MODERATE,3,2026-06-02 18:00:00+00:00,2026-06-02 23:00:00+00:00,5.0,5.0,21,Keyword: thunderstorm,53.7,2317,1159,3476,MEDIUM,,,,True,False,2026-05-31T12:19:42.168703,Monmouth_New_Jersey_2026060218,,,,,v4
New Haven,Connecticut,MODERATE,3,2026-06-02 18:00:00+00:00,2026-06-02 23:00:00+00:00,5.0,6.0,25,Keyword: thunderstorm,53.7,2204,1102,3306,MEDIUM,,,,True,False,2026-05-31T12:19:42.188638,New_Haven_Connecticut_2026060218,,,,,v4
Fairfield,Connecticut,MODERATE,3,2026-06-02 18:00:00+00:00,2026-06-02 23:00:00+00:00,5.0,6.0,27,Keyword: thunderstorm,53.7,2092,1046,3138,MEDIUM,,,,True,False,2026-05-31T12:19:42.121859,Fairfield_Connecticut_2026060218,,,,,v4
Providence,Rhode Island,MODERATE,3,2026-05-30 16:00:00+00:00,2026-05-30 20:00:00+00:00,4.0,24.0,97,Heavy precip 97% + wind,-20.3,1590,795,2386,MEDIUM,,,,True,False,2026-05-31T12:19:42.017700,Providence_Rhode_Island_2026053016,,,,,v4
Bergen,New Jersey,MODERATE,3,2026-06-02 18:00:00+00:00,2026-06-02 23:00:00+00:00,5.0,7.0,27,Keyword: thunderstorm,53.7,1555,778,2333,MEDIUM,,,,True,False,2026-05-31T12:19:42.068038,Bergen_New_Jersey_2026060218,,,,,v4
York,Maine,MODERATE,3,2026-06-02 18:00:00+00:00,2026-06-02 23:00:00+00:00,5.0,5.0,35,Keyword: thunderstorm,53.7,1428,714,2142,MEDIUM,,,,True,False,2026-05-31T12:19:42.383986,York_Maine_2026060218,,,,,v4
Middlesex,New Jersey,MODERATE,3,2026-06-02 18:00:00+00:00,2026-06-02 23:00:00+00:00,5.0,5.0,25,Keyword: thunderstorm,53.7,1262,631,1894,MEDIUM,,,,True,False,2026-05-31T12:19:42.161727,Middlesex_New_Jersey_2026060218,,,,,v4
Westchester,New York,MODERATE,3,2026-06-02 18:00:00+00:00,2026-06-02 23:00:00+00:00,5.0,7.0,28,Keyword: thunderstorm,53.7,927,463,1390,MEDIUM,,,,False,False,2026-05-31T12:19:42.353089,Westchester_New_York_2026060218,,,,,v4
Suffolk,Massachusetts,MODERATE,3,2026-06-02 18:00:00+00:00,2026-06-02 23:00:00+00:00,5.0,8.0,30,Keyword: thunderstorm,53.7,818,409,1227,MEDIUM,,,,False,False,2026-05-31T12:19:42.335148,Suffolk_Massachusetts_2026060218,,,,,v4
Penobscot,Maine,MODERATE,3,2026-06-02 18:00:00+00:00,2026-06-02 23:00:00+00:00,5.0,9.0,42,Keyword: thunderstorm,53.7,801,400,1201,MEDIUM,,,,False,False,2026-05-31T12:19:42.218538,Penobscot_Maine_2026060218,,,,,v4
Essex,Massachusetts,MODERATE,3,2026-05-30 16:00:00+00:00,2026-05-30 20:00:00+00:00,4.0,23.0,100,Heavy precip 100% + wind,-20.3,786,393,1180,MEDIUM,,,,False,False,2026-05-31T12:19:41.995773,Essex_Massachusetts_2026053016,,,,,v4
Cumberland,Maine,MODERATE,3,2026-06-02 18:00:00+00:00,2026-06-02 23:00:00+00:00,5.0,10.0,33,Keyword: thunderstorm,53.7,758,379,1137,MEDIUM,,,,False,False,2026-05-31T12:19:42.094950,Cumberland_Maine_2026060218,,,,,v4
Essex,Massachusetts,MODERATE,3,2026-06-02 18:00:00+00:00,2026-06-02 23:00:00+00:00,5.0,8.0,29,Keyword: thunderstorm,53.7,727,364,1091,MEDIUM,,,,False,False,2026-05-31T12:19:42.103920,Essex_Massachusetts_2026060218,,,,,v4
Kennebec,Maine,MODERATE,3,2026-06-02 18:00:00+00:00,2026-06-02 23:00:00+00:00,5.0,10.0,39,Keyword: thunderstorm,53.7,702,351,1053,MEDIUM,,,,False,False,2026-05-31T12:19:42.145780,Kennebec_Maine_2026060218,,,,,v4
Essex,New Jersey,MODERATE,3,2026-06-02 18:00:00+00:00,2026-06-02 23:00:00+00:00,5.0,8.0,26,Keyword: thunderstorm,53.7,633,316,949,MEDIUM,,,,False,False,2026-05-31T12:19:42.112889,Essex_New_Jersey_2026060218,,,,,v4
Suffolk,Massachusetts,MODERATE,3,2026-05-30 16:00:00+00:00,2026-05-30 20:00:00+00:00,4.0,23.0,100,Heavy precip 100% + wind,-20.3,562,281,843,MEDIUM,,,,False,False,2026-05-31T12:19:42.037143,Suffolk_Massachusetts_2026053016,,,,,v4
Androscoggin,Maine,MODERATE,3,2026-06-02 18:00:00+00:00,2026-06-02 23:00:00+00:00,5.0,10.0,40,Keyword: thunderstorm,53.7,316,158,474,MEDIUM,,,,False,False,2026-05-31T12:19:42.060065,Androscoggin_Maine_2026060218,,,,,v4
Bucks,PA,MODERATE,3,2026-06-02 18:00:00+00:00,2026-06-02 23:00:00+00:00,5.0,5.0,22,Keyword: thunderstorm,53.7,280,140,420,MEDIUM,,,,False,False,2026-05-31T12:19:42.075017,Bucks_PA_2026060218,,,,,v4
Chester,PA,MODERATE,3,2026-06-02 18:00:00+00:00,2026-06-02 23:00:00+00:00,5.0,5.0,20,Keyword: thunderstorm,53.7,280,140,420,MEDIUM,,,,False,False,2026-05-31T12:19:42.083986,Chester_PA_2026060218,,,,,v4
Hillsborough,NH,MODERATE,3,2026-06-02 18:00:00+00:00,2026-06-02 23:00:00+00:00,5.0,5.0,35,Keyword: thunderstorm,53.7,280,140,420,MEDIUM,,,,False,False,2026-05-31T12:19:42.137807,Hillsborough_NH_2026060218,,,,,v4
Montgomery,PA,MODERATE,3,2026-06-02 18:00:00+00:00,2026-06-02 23:00:00+00:00,5.0,5.0,21,Keyword: thunderstorm,53.7,280,140,420,MEDIUM,,,,False,False,2026-05-31T12:19:42.174683,Montgomery_PA_2026060218,,,,,v4
Philadelphia,PA,MODERATE,3,2026-06-02 18:00:00+00:00,2026-06-02 23:00:00+00:00,5.0,5.0,21,Keyword: thunderstorm,53.7,280,140,420,MEDIUM,,,,False,False,2026-05-31T12:19:42.234485,Philadelphia_PA_2026060218,,,,,v4
Rockingham,NH,MODERATE,3,2026-06-02 18:00:00+00:00,2026-06-02 23:00:00+00:00,5.0,5.0,34,Keyword: thunderstorm,53.7,280,140,420,MEDIUM,,,,False,False,2026-05-31T12:19:42.249435,Rockingham_NH_2026060218,,,,,v4
Allegheny,PA,MODERATE,3,2026-06-05 18:00:00+00:00,2026-06-06 03:00:00+00:00,9.0,12.0,19,Keyword: thunderstorm,125.7,210,105,316,MEDIUM,,,,False,False,2026-05-31T12:19:42.393952,Allegheny_PA_2026060518,,,,,v4
Worcester,Massachusetts,MINOR,2,2026-06-01 14:00:00+00:00,2026-06-01 15:00:00+00:00,1.0,7.0,64,Precip 60%,25.7,2409,1325,3493,HIGH,,,,True,False,2026-05-31T12:19:42.469700,Worcester_Massachusetts_2026060114,,,,,v4
Providence,Rhode Island,MINOR,2,2026-06-01 14:00:00+00:00,2026-06-01 16:00:00+00:00,2.0,7.0,64,Precip 61%,25.7,2244,1234,3254,HIGH,,,,True,False,2026-05-31T12:19:42.456744,Providence_Rhode_Island_2026060114,,,,,v4
Cumberland,Maine,MINOR,2,2026-06-01 09:00:00+00:00,2026-06-01 09:00:00+00:00,0.0,5.0,61,Precip 61%,20.7,833,458,1208,HIGH,,,,False,False,2026-05-31T12:19:42.433819,Cumberland_Maine_2026060109,,,,,v4
Kennebec,Maine,MINOR,2,2026-06-01 09:00:00+00:00,2026-06-01 09:00:00+00:00,0.0,5.0,61,Precip 61%,20.7,726,400,1053,HIGH,,,,False,False,2026-05-31T12:19:42.445780,Kennebec_Maine_2026060109,,,,,v4
Rockingham,NH,MINOR,2,2026-05-30 16:00:00+00:00,2026-05-30 16:00:00+00:00,0.0,15.0,81,Precip 81%,-20.3,366,202,531,HIGH,,,,False,False,2026-05-31T12:19:42.401926,Rockingham_NH_2026053016,,,,,v4
Androscoggin,Maine,MINOR,2,2026-06-01 09:00:00+00:00,2026-06-01 09:00:00+00:00,0.0,0.0,62,Precip 62%,20.7,355,195,514,HIGH,,,,False,False,2026-05-31T12:19:42.424850,Androscoggin_Maine_2026060109,,,,,v4
Worcester,Massachusetts,MODERATE,3,2026-05-31 21:00:00+00:00,2026-06-01 00:00:00+00:00,3.0,9.0,60,Keyword: thunderstorm,4.1,7607,3804,11411,MEDIUM,,,,True,False,2026-05-31T16:54:31.017768,Worcester_Massachusetts_2026053121,,,,,v4
Middlesex,Massachusetts,MODERATE,3,2026-05-31 18:00:00+00:00,2026-06-01 00:00:00+00:00,6.0,12.0,60,Keyword: thunderstorm,1.1,3072,1536,4608,MEDIUM,,,,True,False,2026-05-31T16:54:30.939189,Middlesex_Massachusetts_2026053118,,,,,v4
Worcester,Massachusetts,MODERATE,3,2026-06-06 18:00:00+00:00,2026-06-06 23:00:00+00:00,5.0,9.0,25,Keyword: thunderstorm,145.1,3059,1530,4589,MEDIUM,,,,True,False,2026-05-31T16:54:31.199243,Worcester_Massachusetts_2026060618,,,,,v4
York,Maine,MODERATE,3,2026-05-31 18:00:00+00:00,2026-05-31 23:00:00+00:00,5.0,5.0,69,Keyword: thunderstorm,1.1,2766,1383,4149,MEDIUM,,,,True,False,2026-05-31T16:54:30.970437,York_Maine_2026053118,,,,,v4
Hartford,Connecticut,MODERATE,3,2026-06-06 18:00:00+00:00,2026-06-06 23:00:00+00:00,5.0,9.0,21,Keyword: thunderstorm,145.1,2354,1177,3530,MEDIUM,,,,True,False,2026-05-31T16:54:31.106144,Hartford_Connecticut_2026060618,,,,,v4
Fairfield,Connecticut,MODERATE,3,2026-06-06 18:00:00+00:00,2026-06-06 23:00:00+00:00,5.0,9.0,15,Keyword: thunderstorm,145.1,2092,1046,3138,MEDIUM,,,,True,False,2026-05-31T16:54:31.094623,Fairfield_Connecticut_2026060618,,,,,v4
Cumberland,Maine,MODERATE,3,2026-05-31 18:00:00+00:00,2026-05-31 23:00:00+00:00,5.0,5.0,83,Keyword: thunderstorm,1.1,2012,1006,3018,MEDIUM,,,,True,False,2026-05-31T16:54:30.860827,Cumberland_Maine_2026053118,,,,,v4
Providence,Rhode Island,MODERATE,3,2026-05-31 22:00:00+00:00,2026-05-31 23:00:00+00:00,1.0,6.0,62,Keyword: thunderstorm,5.1,1668,834,2502,MEDIUM,,,,True,False,2026-05-31T16:54:31.033400,Providence_Rhode_Island_2026053122,,,,,v4
Westchester,New York,MODERATE,3,2026-06-06 18:00:00+00:00,2026-06-06 23:00:00+00:00,5.0,9.0,15,Keyword: thunderstorm,145.1,927,463,1390,MEDIUM,,,,False,False,2026-05-31T16:54:31.176526,Westchester_New_York_2026060618,,,,,v4
Kennebec,Maine,MODERATE,3,2026-05-31 18:00:00+00:00,2026-06-01 00:00:00+00:00,6.0,5.0,87,Keyword: thunderstorm,1.1,887,443,1330,MEDIUM,,,,False,False,2026-05-31T16:54:30.907944,Kennebec_Maine_2026053118,,,,,v4
Essex,Massachusetts,MODERATE,3,2026-05-31 18:00:00+00:00,2026-05-31 23:00:00+00:00,5.0,8.0,65,Keyword: thunderstorm,1.1,675,337,1012,MEDIUM,,,,False,False,2026-05-31T16:54:30.888955,Essex_Massachusetts_2026053118,,,,,v4
Suffolk,Massachusetts,MODERATE,3,2026-05-31 18:00:00+00:00,2026-06-01 00:00:00+00:00,6.0,8.0,64,Keyword: thunderstorm,1.1,432,216,649,MEDIUM,,,,False,False,2026-05-31T16:54:30.954813,Suffolk_Massachusetts_2026053118,,,,,v4
Chittenden,Vermont,MODERATE,3,2026-05-31 18:00:00+00:00,2026-05-31 23:00:00+00:00,5.0,8.0,84,Keyword: thunderstorm,1.1,415,208,623,MEDIUM,,,,False,False,2026-05-31T16:54:30.845203,Chittenden_Vermont_2026053118,,,,,v4
Hillsborough,NH,MODERATE,3,2026-05-31 18:00:00+00:00,2026-05-31 20:00:00+00:00,2.0,10.0,60,Keyword: thunderstorm,1.1,360,180,540,MEDIUM,,,,False,False,2026-05-31T16:54:30.892312,Hillsborough_NH_2026053118,,,,,v4
Rockingham,NH,MODERATE,3,2026-05-31 18:00:00+00:00,2026-05-31 20:00:00+00:00,2.0,5.0,60,Keyword: thunderstorm,1.1,360,180,540,MEDIUM,,,,False,False,2026-05-31T16:54:30.939189,Rockingham_NH_2026053118,,,,,v4
Androscoggin,Maine,MODERATE,3,2026-05-31 18:00:00+00:00,2026-06-01 00:00:00+00:00,6.0,5.0,80,Keyword: thunderstorm,1.1,308,154,463,MEDIUM,,,,False,False,2026-05-31T16:54:30.829580,Androscoggin_Maine_2026053118,,,,,v4
Montgomery,PA,MODERATE,3,2026-06-06 18:00:00+00:00,2026-06-06 23:00:00+00:00,5.0,10.0,15,Keyword: thunderstorm,145.1,280,140,420,MEDIUM,,,,False,False,2026-05-31T16:54:31.142862,Montgomery_PA_2026060618,,,,,v4
York,Maine,MINOR,2,2026-06-01 11:00:00+00:00,2026-06-01 11:00:00+00:00,0.0,5.0,60,Precip 60%,18.1,1316,724,1908,HIGH,,,,True,False,2026-05-31T16:54:31.236719,York_Maine_2026060111,,,,,v4
Cumberland,Maine,MINOR,2,2026-06-01 06:00:00+00:00,2026-06-01 08:00:00+00:00,2.0,5.0,66,Precip 64%,13.1,694,382,1007,HIGH,,,,False,False,2026-05-31T16:54:31.208072,Cumberland_Maine_2026060106,,,,,v4
Androscoggin,Maine,MINOR,2,2026-06-01 07:00:00+00:00,2026-06-01 10:00:00+00:00,3.0,5.0,69,Precip 61%,14.1,292,161,424,HIGH,,,,False,False,2026-05-31T16:54:31.221081,Androscoggin_Maine_2026060107,,,,,v4
Ocean,New Jersey,MODERATE,3,2026-06-07 00:00:00+00:00,2026-06-07 11:00:00+00:00,11.0,5.0,23,Keyword: thunderstorm,75.9,3195,1597,4792,MEDIUM,,,,True,False,2026-06-03T20:07:04.948296,Ocean_New_Jersey_2026060700,,,,,v4
Ocean,New Jersey,MODERATE,3,2026-06-07 18:00:00+00:00,2026-06-08 05:00:00+00:00,11.0,10.0,61,Keyword: thunderstorm,93.9,3195,1597,4792,MEDIUM,,,,True,False,2026-06-03T20:07:05.119696,Ocean_New_Jersey_2026060718,,,,,v4
Monmouth,New Jersey,MODERATE,3,2026-06-07 00:00:00+00:00,2026-06-07 11:00:00+00:00,11.0,5.0,23,Keyword: thunderstorm,75.9,3153,1577,4730,MEDIUM,,,,True,False,2026-06-03T20:07:04.914481,Monmouth_New_Jersey_2026060700,,,,,v4
Monmouth,New Jersey,MODERATE,3,2026-06-07 18:00:00+00:00,2026-06-08 05:00:00+00:00,11.0,10.0,65,Keyword: thunderstorm,93.9,3153,1577,4730,MEDIUM,,,,True,False,2026-06-03T20:07:05.112238,Monmouth_New_Jersey_2026060718,,,,,v4
Chester,PA,MODERATE,3,2026-06-07 06:00:00+00:00,2026-06-08 05:00:00+00:00,23.0,10.0,54,Keyword: thunderstorm,81.9,1801,901,2702,MEDIUM,,,,True,False,2026-06-03T20:07:04.998279,Chester_PA_2026060706,,,,,v4
Philadelphia,PA,MODERATE,3,2026-06-07 00:00:00+00:00,2026-06-07 11:00:00+00:00,11.0,5.0,25,Keyword: thunderstorm,75.9,1342,671,2014,MEDIUM,,,,True,False,2026-06-03T20:07:04.961096,Philadelphia_PA_2026060700,,,,,v4
Philadelphia,PA,MODERATE,3,2026-06-07 18:00:00+00:00,2026-06-08 05:00:00+00:00,11.0,10.0,54,Keyword: thunderstorm,93.9,1342,671,2014,MEDIUM,,,,True,False,2026-06-03T20:07:05.127351,Philadelphia_PA_2026060718,,,,,v4
Middlesex,New Jersey,MODERATE,3,2026-06-07 18:00:00+00:00,2026-06-07 23:00:00+00:00,5.0,10.0,64,Keyword: thunderstorm,93.9,1262,631,1894,MEDIUM,,,,True,False,2026-06-03T20:07:05.098220,Middlesex_New_Jersey_2026060718,,,,,v4
Providence,Rhode Island,MODERATE,3,2026-06-07 12:00:00+00:00,2026-06-08 05:00:00+00:00,17.0,10.0,77,Keyword: thunderstorm,85.1,4812,2406,7218,MEDIUM,,,,True,False,2026-06-03T22:53:56.621400,Providence_Rhode_Island_2026060712,,,,,v4
Fairfield,Connecticut,MODERATE,3,2026-06-07 12:00:00+00:00,2026-06-08 05:00:00+00:00,17.0,9.0,72,Keyword: thunderstorm,85.1,4500,2250,6750,MEDIUM,,,,True,False,2026-06-03T22:53:56.590153,Fairfield_Connecticut_2026060712,,,,,v4
Hartford,Connecticut,MODERATE,3,2026-06-07 12:00:00+00:00,2026-06-07 23:00:00+00:00,11.0,10.0,77,Keyword: thunderstorm,85.1,3273,1637,4910,MEDIUM,,,,True,False,2026-06-03T22:53:56.590153,Hartford_Connecticut_2026060712,,,,,v4
Middlesex,Massachusetts,MODERATE,3,2026-06-07 00:00:00+00:00,2026-06-07 05:00:00+00:00,5.0,3.0,39,Keyword: thunderstorm,73.1,2482,1241,3723,MEDIUM,,,,True,False,2026-06-03T22:53:56.512035,Middlesex_Massachusetts_2026060700,,,,,v4
Erie,New York,MODERATE,3,2026-06-06 18:00:00+00:00,2026-06-07 11:00:00+00:00,17.0,12.0,81,Keyword: thunderstorm,67.1,2425,1213,3638,MEDIUM,,,,True,False,2026-06-03T22:53:56.449542,Erie_New_York_2026060618,,,,,v4
Worcester,Massachusetts,MODERATE,3,2026-06-06 20:00:00+00:00,2026-06-07 05:00:00+00:00,9.0,12.0,38,Keyword: thunderstorm,69.1,2381,1191,3572,MEDIUM,,,,True,False,2026-06-03T22:53:56.480789,Worcester_Massachusetts_2026060620,,,,,v4
Providence,Rhode Island,MODERATE,3,2026-06-07 00:00:00+00:00,2026-06-07 05:00:00+00:00,5.0,6.0,31,Keyword: thunderstorm,73.1,2351,1176,3527,MEDIUM,,,,True,False,2026-06-03T22:53:56.543283,Providence_Rhode_Island_2026060700,,,,,v4
Fairfield,Connecticut,MODERATE,3,2026-06-07 00:00:00+00:00,2026-06-07 05:00:00+00:00,5.0,5.0,34,Keyword: thunderstorm,73.1,2092,1046,3138,MEDIUM,,,,True,False,2026-06-03T22:53:56.512035,Fairfield_Connecticut_2026060700,,,,,v4
Hartford,Connecticut,MODERATE,3,2026-06-06 20:00:00+00:00,2026-06-07 05:00:00+00:00,9.0,14.0,37,Keyword: thunderstorm,69.1,1777,889,2666,MEDIUM,,,,True,False,2026-06-03T22:53:56.480789,Hartford_Connecticut_2026060620,,,,,v4
Westchester,New York,MODERATE,3,2026-06-07 00:00:00+00:00,2026-06-08 05:00:00+00:00,29.0,10.0,72,Keyword: thunderstorm,73.1,1515,757,2272,MEDIUM,,,,True,False,2026-06-03T22:53:56.558907,Westchester_New_York_2026060700,,,,,v4
Erie,New York,MODERATE,3,2026-06-07 18:00:00+00:00,2026-06-07 23:00:00+00:00,5.0,6.0,19,Keyword: thunderstorm,91.1,834,417,1251,MEDIUM,,,,False,False,2026-06-03T22:53:56.637024,Erie_New_York_2026060718,,,,,v4
Essex,Massachusetts,MODERATE,3,2026-06-07 00:00:00+00:00,2026-06-07 05:00:00+00:00,5.0,5.0,38,Keyword: thunderstorm,73.1,727,364,1091,MEDIUM,,,,False,False,2026-06-03T22:53:56.496412,Essex_Massachusetts_2026060700,,,,,v4
New Haven,Connecticut,MODERATE,3,2026-06-07 12:00:00+00:00,2026-06-08 05:00:00+00:00,17.0,8.0,72,Keyword: thunderstorm,77.9,4880,2440,7320,MEDIUM,,,,True,False,2026-06-04T06:05:05.032893,New_Haven_Connecticut_2026060712,,,,,v4
Worcester,Massachusetts,MODERATE,3,2026-06-07 12:00:00+00:00,2026-06-07 23:00:00+00:00,11.0,9.0,83,Keyword: thunderstorm,77.9,3889,1945,5834,MEDIUM,,,,True,False,2026-06-04T06:05:05.048840,Worcester_Massachusetts_2026060712,,,,,v4
Monmouth,New Jersey,MODERATE,3,2026-06-07 06:00:00+00:00,2026-06-08 05:00:00+00:00,23.0,10.0,68,Keyword: thunderstorm,71.9,3289,1645,4934,MEDIUM,,,,True,False,2026-06-04T06:05:04.985053,Monmouth_New_Jersey_2026060706,,,,,v4
Middlesex,Massachusetts,MODERATE,3,2026-06-07 12:00:00+00:00,2026-06-07 23:00:00+00:00,11.0,8.0,84,Keyword: thunderstorm,77.9,3065,1533,4598,MEDIUM,,,,True,False,2026-06-04T06:05:05.025916,Middlesex_Massachusetts_2026060712,,,,,v4
Ocean,New Jersey,MODERATE,3,2026-06-07 06:00:00+00:00,2026-06-08 11:00:00+00:00,29.0,10.0,66,Keyword: thunderstorm,71.9,3061,1531,4592,MEDIUM,,,,True,False,2026-06-04T06:05:05.002993,Ocean_New_Jersey_2026060706,,,,,v4
Worcester,Massachusetts,MODERATE,3,2026-06-06 21:00:00+00:00,2026-06-07 02:00:00+00:00,5.0,12.0,36,Keyword: thunderstorm,62.9,3059,1530,4589,MEDIUM,,,,True,False,2026-06-04T06:05:04.907321,Worcester_Massachusetts_2026060621,,,,,v4
Androscoggin,Maine,MODERATE,3,2026-06-06 18:00:00+00:00,2026-06-07 16:00:00+00:00,22.0,10.0,67,Keyword: thunderstorm,59.9,2863,1432,4295,MEDIUM,,,,True,False,2026-06-04T06:05:04.800033,Androscoggin_Maine_2026060618,,,,,v4
York,Maine,MODERATE,3,2026-06-06 18:00:00+00:00,2026-06-07 05:00:00+00:00,11.0,5.0,41,Keyword: thunderstorm,59.9,2722,1361,4083,MEDIUM,,,,True,False,2026-06-04T06:05:04.855847,York_Maine_2026060618,,,,,v4
York,Maine,MODERATE,3,2026-06-07 12:00:00+00:00,2026-06-07 23:00:00+00:00,11.0,10.0,74,Keyword: thunderstorm,77.9,2722,1361,4083,MEDIUM,,,,True,False,2026-06-04T06:05:05.054819,York_Maine_2026060712,,,,,v4
Bucks,PA,MODERATE,3,2026-06-07 00:00:00+00:00,2026-06-08 05:00:00+00:00,29.0,10.0,59,Keyword: thunderstorm,65.9,2698,1349,4047,MEDIUM,,,,True,False,2026-06-04T06:05:04.920269,Bucks_PA_2026060700,,,,,v4
Montgomery,PA,MODERATE,3,2026-06-07 00:00:00+00:00,2026-06-08 05:00:00+00:00,29.0,10.0,51,Keyword: thunderstorm,65.9,2698,1349,4047,MEDIUM,,,,True,False,2026-06-04T06:05:04.944189,Montgomery_PA_2026060700,,,,,v4
Chittenden,Vermont,MODERATE,3,2026-06-06 12:00:00+00:00,2026-06-07 17:00:00+00:00,29.0,12.0,85,Precip 69%,53.9,2588,1294,3882,MEDIUM,,,,True,False,2026-06-04T06:05:04.787077,Chittenden_Vermont_2026060612,,,,,v4
Middlesex,Massachusetts,MODERATE,3,2026-06-06 21:00:00+00:00,2026-06-07 02:00:00+00:00,5.0,10.0,40,Keyword: thunderstorm,62.9,2482,1241,3723,MEDIUM,,,,True,False,2026-06-04T06:05:04.882757,Middlesex_Massachusetts_2026060621,,,,,v4
Erie,New York,MODERATE,3,2026-06-06 09:00:00+00:00,2026-06-07 02:00:00+00:00,17.0,13.0,85,Keyword: thunderstorm,50.9,2425,1213,3638,MEDIUM,,,,True,False,2026-06-04T06:05:04.779102,Erie_New_York_2026060609,,,,,v4
Nassau,New York,MODERATE,3,2026-06-07 00:00:00+00:00,2026-06-07 05:00:00+00:00,5.0,10.0,45,Keyword: thunderstorm,65.9,2395,1197,3592,MEDIUM,,,,True,False,2026-06-04T06:05:04.951165,Nassau_New_York_2026060700,,,,,v4
Nassau,New York,MODERATE,3,2026-06-07 18:00:00+00:00,2026-06-07 23:00:00+00:00,5.0,10.0,61,Keyword: thunderstorm,83.9,2395,1197,3592,MEDIUM,,,,True,False,2026-06-04T06:05:05.095683,Nassau_New_York_2026060718,,,,,v4
Hartford,Connecticut,MODERATE,3,2026-06-06 21:00:00+00:00,2026-06-07 02:00:00+00:00,5.0,13.0,38,Keyword: thunderstorm,62.9,2354,1177,3530,MEDIUM,,,,True,False,2026-06-04T06:05:04.875781,Hartford_Connecticut_2026060621,,,,,v4
Hartford,Connecticut,MODERATE,3,2026-06-07 18:00:00+00:00,2026-06-07 23:00:00+00:00,5.0,12.0,73,Keyword: thunderstorm,83.9,2354,1177,3530,MEDIUM,,,,True,False,2026-06-04T06:05:05.088707,Hartford_Connecticut_2026060718,,,,,v4
Providence,Rhode Island,MODERATE,3,2026-06-07 15:00:00+00:00,2026-06-07 23:00:00+00:00,8.0,9.0,81,Precip 60%,80.9,2256,1128,3384,MEDIUM,,,,True,False,2026-06-04T06:05:05.060799,Providence_Rhode_Island_2026060715,,,,,v4
New Haven,Connecticut,MODERATE,3,2026-06-07 00:00:00+00:00,2026-06-07 05:00:00+00:00,5.0,5.0,27,Keyword: thunderstorm,65.9,2204,1102,3306,MEDIUM,,,,True,False,2026-06-04T06:05:04.958142,New_Haven_Connecticut_2026060700,,,,,v4
Fairfield,Connecticut,MODERATE,3,2026-06-06 21:00:00+00:00,2026-06-07 02:00:00+00:00,5.0,13.0,58,Keyword: thunderstorm,62.9,2092,1046,3138,MEDIUM,,,,True,False,2026-06-04T06:05:04.869801,Fairfield_Connecticut_2026060621,,,,,v4
Fairfield,Connecticut,MODERATE,3,2026-06-07 18:00:00+00:00,2026-06-07 23:00:00+00:00,5.0,9.0,66,Keyword: thunderstorm,83.9,2092,1046,3138,MEDIUM,,,,True,False,2026-06-04T06:05:05.083722,Fairfield_Connecticut_2026060718,,,,,v4
Allegheny,PA,MODERATE,3,2026-06-06 18:00:00+00:00,2026-06-07 11:00:00+00:00,17.0,16.0,88,Keyword: thunderstorm,59.9,2068,1034,3102,MEDIUM,,,,True,False,2026-06-04T06:05:04.793058,Allegheny_PA_2026060618,,,,,v4
Middlesex,New Jersey,MODERATE,3,2026-06-07 00:00:00+00:00,2026-06-08 05:00:00+00:00,29.0,10.0,66,Keyword: thunderstorm,65.9,2047,1023,3070,MEDIUM,,,,True,False,2026-06-04T06:05:04.939206,Middlesex_New_Jersey_2026060700,,,,,v4
Cumberland,Maine,MODERATE,3,2026-06-06 18:00:00+00:00,2026-06-07 18:00:00+00:00,24.0,10.0,67,Keyword: thunderstorm,59.9,2045,1023,3068,MEDIUM,,,,True,False,2026-06-04T06:05:04.806013,Cumberland_Maine_2026060618,,,,,v4
Suffolk,New York,MODERATE,3,2026-06-07 00:00:00+00:00,2026-06-07 02:00:00+00:00,2.0,8.0,56,Keyword: thunderstorm,65.9,2008,1004,3012,MEDIUM,,,,True,False,2026-06-04T06:05:04.977078,Suffolk_New_York_2026060700,,,,,v4
Suffolk,New York,MODERATE,3,2026-06-07 18:00:00+00:00,2026-06-07 23:00:00+00:00,5.0,9.0,59,Keyword: thunderstorm,83.9,1951,975,2926,MEDIUM,,,,True,False,2026-06-04T06:05:05.101663,Suffolk_New_York_2026060718,,,,,v4
Penobscot,Maine,MODERATE,3,2026-06-06 18:00:00+00:00,2026-06-07 05:00:00+00:00,11.0,8.0,67,Keyword: thunderstorm,59.9,1808,904,2712,MEDIUM,,,,True,False,2026-06-04T06:05:04.837907,Penobscot_Maine_2026060618,,,,,v4
Chester,PA,MODERATE,3,2026-06-07 00:00:00+00:00,2026-06-07 23:00:00+00:00,23.0,10.0,44,Keyword: thunderstorm,65.9,1801,901,2702,MEDIUM,,,,True,False,2026-06-04T06:05:04.925251,Chester_PA_2026060700,,,,,v4
Philadelphia,PA,MODERATE,3,2026-06-07 06:00:00+00:00,2026-06-08 05:00:00+00:00,23.0,10.0,51,Keyword: thunderstorm,71.9,1801,901,2702,MEDIUM,,,,True,False,2026-06-04T06:05:05.008972,Philadelphia_PA_2026060706,,,,,v4
Kennebec,Maine,MODERATE,3,2026-06-06 18:00:00+00:00,2026-06-07 05:00:00+00:00,11.0,5.0,68,Keyword: thunderstorm,59.9,1718,859,2577,MEDIUM,,,,True,False,2026-06-04T06:05:04.830931,Kennebec_Maine_2026060618,,,,,v4
Bergen,New Jersey,MODERATE,3,2026-06-07 00:00:00+00:00,2026-06-07 05:00:00+00:00,5.0,10.0,40,Keyword: thunderstorm,65.9,1555,778,2333,MEDIUM,,,,True,False,2026-06-04T06:05:04.914288,Bergen_New_Jersey_2026060700,,,,,v4
Bergen,New Jersey,MODERATE,3,2026-06-07 18:00:00+00:00,2026-06-07 23:00:00+00:00,5.0,12.0,55,Keyword: thunderstorm,83.9,1555,778,2333,MEDIUM,,,,True,False,2026-06-04T06:05:05.071763,Bergen_New_Jersey_2026060718,,,,,v4
Hillsborough,NH,MODERATE,3,2026-06-07 12:00:00+00:00,2026-06-07 23:00:00+00:00,11.0,10.0,83,Keyword: thunderstorm,77.9,1342,671,2014,MEDIUM,,,,True,False,2026-06-04T06:05:05.019936,Hillsborough_NH_2026060712,,,,,v4
Rockingham,NH,MODERATE,3,2026-06-07 12:00:00+00:00,2026-06-07 23:00:00+00:00,11.0,10.0,79,Keyword: thunderstorm,77.9,1342,671,2014,MEDIUM,,,,True,False,2026-06-04T06:05:05.036879,Rockingham_NH_2026060712,,,,,v4
Essex,Massachusetts,MODERATE,3,2026-06-07 12:00:00+00:00,2026-06-07 23:00:00+00:00,11.0,9.0,82,Keyword: thunderstorm,77.9,1275,637,1912,MEDIUM,,,,True,False,2026-06-04T06:05:05.014953,Essex_Massachusetts_2026060712,,,,,v4
Suffolk,Massachusetts,MODERATE,3,2026-06-07 12:00:00+00:00,2026-06-07 23:00:00+00:00,11.0,10.0,82,Keyword: thunderstorm,77.9,1176,588,1764,MEDIUM,,,,True,False,2026-06-04T06:05:05.042859,Suffolk_Massachusetts_2026060712,,,,,v4
Westchester,New York,MODERATE,3,2026-06-06 21:00:00+00:00,2026-06-07 02:00:00+00:00,5.0,14.0,49,Keyword: thunderstorm,62.9,927,463,1390,MEDIUM,,,,False,False,2026-06-04T06:05:04.889734,Westchester_New_York_2026060621,,,,,v4
Westchester,New York,MODERATE,3,2026-06-07 18:00:00+00:00,2026-06-07 23:00:00+00:00,5.0,10.0,62,Keyword: thunderstorm,83.9,927,463,1390,MEDIUM,,,,False,False,2026-06-04T06:05:05.107643,Westchester_New_York_2026060718,,,,,v4
Suffolk,Massachusetts,MODERATE,3,2026-06-07 00:00:00+00:00,2026-06-07 02:00:00+00:00,2.0,8.0,39,Keyword: thunderstorm,65.9,852,426,1278,MEDIUM,,,,False,False,2026-06-04T06:05:04.970103,Suffolk_Massachusetts_2026060700,,,,,v4
Essex,Massachusetts,MODERATE,3,2026-06-06 21:00:00+00:00,2026-06-07 02:00:00+00:00,5.0,9.0,45,Keyword: thunderstorm,62.9,727,364,1091,MEDIUM,,,,False,False,2026-06-04T06:05:04.862824,Essex_Massachusetts_2026060621,,,,,v4
Essex,New Jersey,MODERATE,3,2026-06-07 00:00:00+00:00,2026-06-07 05:00:00+00:00,5.0,12.0,41,Keyword: thunderstorm,65.9,633,316,949,MEDIUM,,,,False,False,2026-06-04T06:05:04.932228,Essex_New_Jersey_2026060700,,,,,v4
Essex,New Jersey,MODERATE,3,2026-06-07 18:00:00+00:00,2026-06-07 23:00:00+00:00,5.0,12.0,51,Keyword: thunderstorm,83.9,633,316,949,MEDIUM,,,,False,False,2026-06-04T06:05:05.077743,Essex_New_Jersey_2026060718,,,,,v4
Hillsborough,NH,MODERATE,3,2026-06-06 18:00:00+00:00,2026-06-06 23:00:00+00:00,5.0,10.0,31,Keyword: thunderstorm,59.9,280,140,420,MEDIUM,,,,False,False,2026-06-04T06:05:04.811994,Hillsborough_NH_2026060618,,,,,v4
Rockingham,NH,MODERATE,3,2026-06-07 00:00:00+00:00,2026-06-07 05:00:00+00:00,5.0,5.0,43,Keyword: thunderstorm,65.9,280,140,420,MEDIUM,,,,False,False,2026-06-04T06:05:04.963125,Rockingham_NH_2026060700,,,,,v4
Allegheny,PA,MODERATE,3,2026-06-07 18:00:00+00:00,2026-06-07 23:00:00+00:00,5.0,8.0,26,Keyword: thunderstorm,83.9,280,140,420,MEDIUM,,,,False,False,2026-06-04T06:05:05.065783,Allegheny_PA_2026060718,,,,,v4
Suffolk,New York,MINOR,2,2026-06-07 06:00:00+00:00,2026-06-07 11:00:00+00:00,5.0,5.0,62,Precip 62%,71.9,1678,923,2433,HIGH,,,,True,False,2026-06-04T06:05:05.153490,Suffolk_New_York_2026060706,,,,,v4
